x,y,rho
8.874915123,41.057075500,31.383169174
9.414788246,43.194221497,63.561363220
10.992991447,44.240253448,39.178749084
9.375373840,42.735569000,62.245014191
8.714147568,41.617855072,40.448795319
8.056430817,44.988647461,26.369049072
9.253048897,42.599800110,60.487209320
8.509905815,43.815364838,49.430435181
8.148802757,42.825134277,44.975452423
8.867234230,43.424774170,58.000011444
9.251895905,41.857242584,49.847602844
9.734519005,43.466205597,62.461536407
9.829217911,43.340343475,62.830066681
9.128378868,42.675132751,60.132976532
9.090240479,42.678321838,59.797428131
8.949554443,41.311592102,36.978565216
9.940127373,42.636093140,60.842540741
8.132502556,43.500656128,44.473491669
8.855401993,43.089817047,58.659729004
10.491791725,43.166854858,56.403911591
10.902101517,41.803047180,38.150630951
10.165042877,42.353061676,56.019607544
8.891903877,42.459022522,55.509784698
9.451148033,43.094039917,63.761894226
8.597551346,43.938701630,49.492267609
10.228363037,41.501628876,41.137134552
11.250952721,44.933761597,25.737318039
10.941480637,42.857948303,47.919597626
8.691947937,44.092323303,48.862552643
9.359523773,44.260318756,51.917968750
9.970975876,44.014511108,55.106937408
10.119067192,43.744445801,57.505184174
9.773200989,44.823741913,40.676795959
9.889613152,43.439861298,61.965343475
11.645851135,41.690113068,24.602777481
8.492216110,44.007270813,46.989898682
8.589577675,44.981494904,32.597900391
9.349081993,42.290416718,57.469520569
11.685643196,44.518386841,24.960723877
11.630259514,43.943916321,31.022039413
8.901474953,44.947937012,35.911331177
9.494697571,43.840328217,58.841773987
10.709952354,42.882862091,52.393566132
10.376780510,43.960079193,52.011512756
10.139126778,41.938472748,50.049560547
10.060938835,44.364257812,48.552043915
9.068133354,42.888237000,60.797576904
9.327547073,44.887138367,39.302581787
10.434995651,43.445335388,56.277801514
8.992784500,43.577121735,58.501312256
9.088368416,43.069702148,61.427680969
9.126854897,43.714305878,58.513584137
10.339291573,42.829574585,58.052886963
10.158707619,41.944812775,49.988506317
8.271443367,43.477264404,47.466819763
9.929374695,43.672904968,59.767726898
12.145845413,43.982353210,21.843175888
8.849878311,44.154888153,49.911918640
8.446793556,42.576290131,49.492439270
9.694458961,44.751216888,42.379711151
9.017946243,42.211433411,53.841583252
9.664248466,42.374393463,59.150138855
10.889336586,41.957942963,40.584411621
8.615232468,42.600051880,52.705867767
9.264668465,44.967407227,37.427879333
10.712121964,43.125423431,52.728164673
8.537264824,43.882236481,49.181190491
8.762485504,41.493103027,38.707561493
10.950730324,43.354816437,47.772621155
10.683559418,43.356601715,52.731987000
10.619531631,42.386848450,50.398422241
8.728458405,43.719467163,53.837768555
8.959291458,42.348323822,55.041812897
9.307168007,43.055351257,63.127193451
9.408706665,41.662921906,46.778045654
9.119082451,40.814468384,28.169359207
10.387931824,41.435813904,38.432895660
8.658317566,43.090038300,55.626804352
9.023138046,44.580886841,44.032196045
8.469843864,43.304924011,52.014312744
9.723418236,41.869781494,51.005722046
10.285977364,42.866325378,58.904834747
10.534491539,43.861377716,51.131404877
11.925936699,44.374401093,22.696229935
9.393519402,42.798492432,62.711112976
10.862360001,43.693138123,47.447055817
10.402832031,41.420917511,38.004272461
9.738374710,42.299842834,58.026531219
10.042625427,42.939723969,61.754779816
10.672879219,43.355091095,52.923595428
10.549028397,42.571453094,53.287086487
8.818254471,42.627822876,56.112628937
20.535654068,9.355788231,62.874473572
22.811985016,8.934379578,25.717933655
19.596729279,8.630655289,59.081935883
20.089078903,9.458118439,61.361072540
19.011878967,9.039898872,48.836177826
20.709180832,9.208817482,63.172527313
19.955358505,8.738715172,63.595466614
19.128614426,8.483316422,50.128925323
20.009813309,9.392686844,61.578262329
19.396492004,9.757834435,50.023738861
22.047159195,6.906651497,22.571750641
20.978933334,9.653544426,56.052925110
19.915237427,8.579364777,62.546436310
20.419794083,8.678845406,65.047027588
20.243661880,7.300632954,43.933902740
21.705007553,10.056255341,39.465454102
19.739311218,7.510212421,45.673862457
21.073740005,8.400848389,58.272762299
20.694627762,8.657308578,63.859512329
21.244213104,9.671385765,52.415794373
19.827077866,7.593272686,48.083854675
18.969736099,9.587016106,44.554168701
19.363815308,8.469820023,54.410762787
19.956361771,8.924069405,63.783679962
18.616395950,9.165414810,39.895168304
21.076566696,9.065058708,60.116683960
20.241788864,9.074036598,64.954483032
20.951721191,6.204043865,19.920696259
22.508586884,9.366729736,30.713296890
19.900266647,8.585682869,62.448318481
21.046417236,8.860532761,60.838260651
18.521989822,11.041129112,18.719053268
20.442134857,9.996809006,53.593990326
19.860626221,10.513013840,41.205234528
20.839019775,9.585480690,58.357257843
19.507421494,10.187782288,44.524665833
21.242492676,10.278482437,42.298736572
19.924587250,8.495609283,62.060573578
22.856592178,7.916620731,21.419609070
20.416725159,10.113528252,51.320545197
20.650400162,9.559590340,60.044490814
20.153226852,9.346692085,62.819129944
19.246149063,10.634767532,33.175758362
20.434511185,8.296458244,61.987560272
21.219058990,8.515916824,57.099407196
19.218416214,7.629919052,41.428855896
21.246448517,8.817063332,57.871051788
20.418973923,10.054380417,52.501945496
19.425849915,8.245959282,53.433528900
20.167795181,9.070988655,64.725799561
20.510503769,8.689749718,64.899169922
20.491048813,8.869331360,65.330253601
19.833070755,8.163643837,57.737808228
20.827192307,8.085721970,57.217540741
19.395320892,8.664344788,56.028694153
20.395008087,11.233360291,26.981389999
19.847974777,9.919897079,52.883560181
21.299863815,7.787691593,47.078815460
21.325927734,7.792756081,46.793525696
17.893503189,9.582956314,23.244564056
18.796785355,9.427571297,42.400985718
19.868663788,10.636187553,38.612960815
21.621185303,8.523250580,49.993518829
19.864837646,7.762559414,51.625003815
20.111753464,8.696281433,64.502540588
20.187982559,9.133340836,64.516197205
21.131196976,9.326291084,57.812519073
19.788530350,7.538845062,46.680141449
21.917207718,8.287187576,42.318542480
19.900381088,8.455447197,61.527439117
18.709606171,8.498662949,41.418212891
20.073019028,9.596995354,59.541473389
21.251132965,8.980407715,57.748443604
21.484523773,9.316601753,52.126152039
20.536993027,9.137564659,64.500778198
20.362022400,8.581787109,64.580078125
20.284942627,7.848625183,55.239959717
20.833116531,7.983512878,55.610298157
21.394306183,8.727177620,55.171676636
20.602170944,9.470473289,61.389354706
21.195989609,7.406013012,41.469635010
20.345771790,9.856815338,56.228530884
18.854568481,9.363917351,44.048553467
18.297111511,7.954129696,28.866226196
20.591306686,7.319921494,44.076446533
19.567165375,7.504801750,43.818458557
22.200809479,9.140864372,38.176029205
21.119964600,8.753961563,59.676307678
20.199243546,7.360162258,45.154174805
20.260837555,8.215144157,60.948616028
21.410598755,10.117738724,43.041385651
22.019254684,9.829188347,36.828002930
-15.867693901,28.062925339,51.244571686
-14.502376556,29.535116196,55.137893677
-17.037578583,29.534303665,40.859298706
-14.454520226,29.237749100,55.497730255
-15.454093933,28.371173859,57.414691925
-16.715574265,29.979120255,42.400032043
-15.578154564,28.945356369,62.023151398
-13.536318779,29.863323212,36.327503204
-14.898215294,29.320884705,60.408412933
-13.749045372,30.898412704,27.751724243
-14.339534760,29.761047363,51.144821167
-17.363643646,29.302543640,35.527462006
-15.399147034,29.272775650,62.414310455
-14.325994492,26.439146042,17.699295044
-15.838352203,29.448726654,59.547046661
-15.735885620,27.761917114,46.518329620
-14.400076866,29.455694199,54.113758087
-16.240144730,29.493638992,54.768333435
-14.447454453,29.184114456,55.414665222
-14.468475342,29.257081985,55.680137634
-15.664269447,28.019401550,51.530056000
-15.354970932,29.373115540,62.030769348
-14.393207550,29.063714981,54.453125000
-14.811624527,28.214210510,52.188488007
-16.051670074,29.068433762,58.691848755
-16.323669434,29.999071121,48.046783447
-14.805910110,29.457918167,59.022521973
-14.930135727,31.199865341,31.512603760
-15.737904549,26.977380753,30.652515411
-15.069740295,29.128219604,61.839557648
-15.786559105,28.199993134,53.911132812
-15.708230019,29.360160828,61.002117157
-15.771857262,31.591276169,22.980775833
-16.229543686,28.385705948,52.369743347
-17.557661057,29.430307388,31.302299500
-17.285446167,28.639368057,36.424724579
-15.544711113,28.469095230,58.511692047
-13.530167580,30.173217773,33.617160797
-13.949903488,28.296403885,40.959552765
-14.140445709,29.674823761,48.710330963
-14.497633934,30.208261490,47.630313873
-16.177803040,28.754505157,56.227413177
-14.406444550,26.523202896,19.349033356
-13.755712509,29.731954575,41.378368378
-15.314743996,29.399330139,61.883262634
-16.298974991,28.828878403,54.976917267
-14.168755531,30.476844788,39.527648926
-12.572815895,29.104898453,19.771833420
-15.927593231,28.664588928,58.300949097
-16.287082672,29.100967407,55.660938263
-14.886307716,29.144580841,60.573062897
-14.172693253,28.944606781,50.373996735
-15.616490364,28.597553253,59.665191650
-16.901674271,27.611055374,32.198089600
-16.448198318,30.480251312,38.654575348
-14.373780251,30.553787231,40.606166840
-16.601251602,27.210197449,29.309234619
-15.929096222,29.354640961,59.289985657
-14.770349503,30.226795197,49.814907074
-14.984760284,30.921491623,37.396778107
-15.491645813,28.265743256,55.904541016
-16.950258255,28.289852142,40.139404297
-15.026922226,28.290102005,55.022998810
-14.332297325,30.591150284,39.522224426
-17.638626099,30.042875290,25.933431625
-17.508644104,29.580322266,31.535110474
-14.044169426,29.243679047,48.586421967
-16.548728943,28.593391418,49.747920990
-15.530685425,28.996578217,62.305328369
-15.471937180,29.068939209,62.546428680
-15.055560112,27.970249176,49.985153198
-15.511059761,30.697084427,42.042793274
-15.653685570,28.734987259,60.650299072
-14.190842628,26.619638443,19.293664932
-14.087661743,28.546918869,46.087497711
-15.105111122,29.275144577,61.838237762
-14.326572418,28.911228180,52.860603333
-15.947066307,30.476669312,44.025341034
-17.633213043,29.199157715,30.460441589
-16.616966248,28.417249680,47.111141205
-13.257783890,29.134227753,32.616638184
-15.073970795,27.397260666,38.901008606
-15.998085022,29.375379562,58.485027313
-14.914282799,29.795709610,56.985504150
-15.260412216,29.705827713,59.342231750
-14.815258026,27.349082947,36.481067657
-15.232034683,29.946725845,56.253799438
-14.679160118,28.814964294,57.352695465
-16.074666977,28.060510635,49.559158325
-15.400094032,30.311903000,50.059009552
-17.220844269,28.518930435,36.992439270
-16.408842087,29.963779449,47.348491669
-13.036867142,77.883964539,61.169784546
-12.699507713,78.799995422,61.828121185
-12.874946594,75.308456421,18.190822601
-11.939246178,78.793640137,57.732143402
-12.702098846,77.270561218,55.526092529
-12.130777359,78.733833313,60.337024689
-12.952590942,78.137870789,63.007305145
-13.412714005,78.176010132,57.814476013
-14.032986641,78.771919250,43.936981201
-13.426926613,78.592704773,56.636318207
-13.888520241,77.764541626,47.619037628
-12.593047142,76.693901062,44.789508820
-12.367409706,77.975456238,62.940719604
-14.224913597,77.051361084,34.443542480
-11.877437592,79.250152588,51.581539154
-12.614466667,78.759361267,62.314865112
-12.258713722,78.684219360,61.753623962
-11.196574211,76.847602844,34.487022400
-11.806097031,77.972587585,57.125694275
-12.706816673,78.052352905,63.851539612
-12.857705116,77.128402710,52.740879059
-12.299218178,80.025543213,40.518730164
-12.538690567,78.353218079,64.348327637
-13.169857025,78.237129211,61.127346039
-12.016391754,77.984359741,60.015903473
-12.936361313,78.757865906,61.109603882
-13.400562286,78.607093811,56.959766388
-11.662236214,79.714546204,41.211769104
-12.572939873,79.722198486,47.390434265
-11.448147774,77.358390808,45.540851593
-13.700496674,78.049636841,52.598709106
-11.453621864,78.282310486,51.770610809
-13.083215714,79.906845093,41.572998047
-12.195652962,76.034004211,30.216571808
-12.165396690,78.874641418,59.372154236
-12.256949425,78.804313660,60.757438660
-12.549833298,77.036201477,51.432903290
-12.853261948,77.408981323,57.231151581
-13.415298462,77.091529846,47.616500854
-12.030068398,78.452499390,60.792072296
-12.930723190,77.705261230,60.445243835
-12.505980492,79.433792114,52.925109863
-14.486773491,78.731475830,34.336490631
-13.028269768,76.470016479,39.290245056
-14.428260803,77.441818237,34.304714203
-12.263048172,78.747665405,61.293407440
-13.421539307,79.371620178,47.893356323
-11.059574127,78.750686646,42.051097870
-13.073960304,79.479019165,49.966705322
-11.727162361,79.222007751,49.954315186
-13.139021873,75.520042419,20.966579437
-10.365766525,76.743721008,20.493038177
-12.518325806,80.735343933,26.182199478
-12.151981354,79.303848267,53.541854858
-13.984953880,76.576934814,31.834003448
-13.015260696,79.445350647,51.046916962
-12.828806877,77.559967041,59.341468811
-12.284590721,79.436538696,52.153659821
-13.927497864,77.144058228,40.790813446
-13.271226883,79.449241638,48.507946014
-12.247735977,80.486755371,30.675182343
-11.546112061,78.319503784,53.543247223
-11.217479706,78.566093445,46.354324341
-13.187479019,79.034576416,55.767650604
-13.178884506,78.064201355,60.689392090
-11.154774666,78.253318787,45.528434753
-13.285698891,77.890258789,58.548900604
-11.460766792,77.802062988,50.132064819
-12.869428635,77.844306946,62.019138336
-12.298632622,77.969108582,62.508407593
-14.084393501,77.467422485,41.425544739
-13.415347099,79.597923279,44.146579742
-11.669883728,78.941856384,52.425056458
-12.987915993,77.538810730,58.219917297
-12.990075111,77.302719116,54.930908203
-9.985357285,76.109275818,11.264098167
-11.918549538,77.070045471,48.004817963
-12.586901665,77.366600037,57.057361603
-13.660186768,77.214401245,46.080982208
-10.727571487,78.221611023,36.005092621
-13.248259544,78.910385132,56.512596130
-12.472208023,79.074630737,58.619945526
-14.306814194,78.658203125,38.692821503
-11.709862709,76.693000793,39.027805328
-12.034362793,80.050781250,38.539901733
-12.497415543,79.176002502,57.209186554
-11.811986923,77.647094727,54.651878357
-12.442790985,76.787605286,46.403457642
-12.933860779,78.620285034,62.172271729
-11.759457588,78.379211426,57.204536438
-11.762574196,77.251693726,48.965568542
-12.584255219,78.373878479,64.357887268
94.582145691,-23.525863647,36.457881927
92.233535767,-23.290344238,63.143589020
91.813438416,-23.118942261,57.261379242
92.367500305,-25.103023529,40.242671967
92.673965454,-23.629240036,64.724777222
91.100128174,-23.378829956,43.808799744
94.221908569,-22.790391922,41.974842072
93.344482422,-24.653192520,47.205036163
93.209449768,-23.163246155,61.733943939
93.261596680,-22.889066696,59.232269287
91.372772217,-23.353097916,49.709934235
91.974678040,-23.361780167,60.336933136
91.835151672,-21.999225616,43.495571136
91.873580933,-24.210638046,53.061626434
92.807136536,-24.388795853,55.708534241
92.307891846,-24.141660690,58.568012238
94.143722534,-22.525892258,41.025131226
92.675079346,-23.702913284,64.331535339
93.673469543,-22.906492233,53.499126434
93.230606079,-23.337888718,62.023414612
91.044319153,-23.424161911,42.556011200
92.200065613,-22.666641235,57.969696045
93.744392395,-23.969646454,51.619560242
93.200935364,-21.575817108,38.086330414
92.064842224,-21.629774094,38.703796387
91.879966736,-23.288736343,58.884277344
92.721405029,-23.300197601,65.106224060
91.894874573,-23.902879715,56.907680511
92.064834595,-22.984733582,59.878089905
93.062583923,-21.085752487,29.201837540
94.103538513,-23.821538925,45.798103333
93.057418823,-22.314579010,53.226379395
92.763153076,-23.381338120,65.148643494
92.784126282,-22.444419861,56.615627289
91.884231567,-23.637365341,58.545234680
93.202987671,-23.000249863,60.804832458
92.972137451,-23.681497574,63.535106659
93.705085754,-21.177827835,26.672468185
93.138969421,-23.504873276,62.906558990
93.488288879,-23.850828171,56.838062286
91.982864380,-23.278886795,60.321098328
90.149757385,-24.465646744,19.365871429
92.384590149,-24.665084839,49.847362518
91.699905396,-23.748445511,54.993530273
91.089584351,-23.717767715,42.869548798
92.197280884,-23.286291122,62.800685883
93.886734009,-23.139192581,51.009178162
92.753616333,-23.212242126,64.799011230
92.959945679,-24.328433990,56.169780731
92.617774963,-23.002944946,63.614074707
91.361793518,-22.446043015,43.156642914
93.813926697,-23.943071365,50.607280731
92.491210938,-24.189886093,58.821647644
93.431930542,-24.372919083,51.187114716
92.510078430,-24.170616150,59.166927338
92.783508301,-25.105924606,40.708938599
94.059013367,-24.276302338,42.493976593
92.792449951,-23.524219513,64.943031311
91.970436096,-24.199476242,54.480411530
93.668952942,-23.837337494,54.049991608
93.003723145,-24.113193512,59.180431366
92.085372925,-22.839448929,58.822643280
93.662963867,-23.487012863,55.727363586
91.310630798,-21.313739777,25.651117325
91.875999451,-24.853282928,41.932079315
95.326972961,-23.715728760,21.023080826
91.270820618,-23.995136261,44.937526703
93.100097656,-23.121385574,62.570327759
91.880821228,-21.488971710,34.496929169
92.210975647,-24.496383667,52.062999725
93.693244934,-21.982633591,40.758899689
91.915061951,-24.713043213,45.116714478
93.762992859,-25.359020233,28.870395660
91.505928040,-22.344249725,44.336502075
92.677200317,-23.575634003,64.941619873
93.085365295,-23.464469910,63.446086884
91.433868408,-22.035621643,38.632362366
94.057563782,-23.106363297,47.395935059
92.777687073,-20.972070694,27.727058411
92.456115723,-23.571273804,64.474143982
93.097030640,-21.840373993,44.034477234
94.325325012,-23.570268631,42.061046600
93.040885925,-24.689779282,48.922256470
92.420578003,-24.151987076,59.081596375
91.725723267,-21.630119324,35.593940735
91.940261841,-23.843301773,58.056594849
93.098403931,-22.013870239,47.433456421
93.213668823,-20.552341461,19.516273499
92.657882690,-23.052980423,64.008781433
93.008155823,-21.876646042,45.251201630
93.239791870,-23.427925110,61.959869385
91.785064697,-23.067253113,56.531299591
59.746353149,5.368602276,51.041316986
58.873950958,6.025131702,65.680610657
59.208526611,4.974230289,55.868949890
60.691654205,4.499822617,23.902164459
57.979457855,6.717076302,56.230209351
58.641738892,6.608970165,60.557067871
57.848903656,5.704178810,63.437587738
58.357238770,7.348243713,45.154502869
59.035438538,6.575655937,58.484397888
57.687080383,6.747866631,52.122444153
58.570590973,7.168129444,49.492660522
60.359066010,5.472218037,38.236675262
57.938705444,4.914938927,57.361701965
58.201427460,5.396958351,65.418037415
58.704513550,5.634417057,67.104354858
57.983409882,6.843569279,53.956157684
57.407127380,6.212091923,54.061164856
57.939064026,6.503352642,59.201042175
59.730270386,5.475885868,52.057544708
58.786041260,5.957777023,66.613143921
57.545585632,6.019771576,57.972492218
58.634128571,6.191854954,65.884346008
58.146610260,5.873176098,66.515472412
57.197395325,5.420869827,50.591781616
58.900970459,6.671457767,58.151172638
57.922691345,5.883697987,64.289001465
58.573059082,5.980463982,67.404357910
58.885780334,3.960906267,38.410751343
58.295684814,6.018017769,66.877685547
57.344676971,7.452969551,33.979312897
58.506565094,7.342388630,45.471145630
57.554485321,4.871683598,51.731445312
58.569259644,4.100295544,42.783519745
58.559974670,5.876203060,67.750305176
59.360671997,6.480025291,55.583747864
57.927528381,4.681487083,53.192455292
60.057312012,4.986868858,41.080169678
57.299484253,4.694128036,44.809505463
59.462314606,5.260083675,55.522701263
57.591304779,5.916673660,59.209655762
58.138061523,5.100888252,61.783935547
59.098999023,6.844299316,53.272621155
59.330326080,6.545903683,55.180847168
58.747634888,4.003096104,40.023223877
60.014259338,6.080973148,46.151058197
58.953163147,6.893946171,53.662345886
59.778358459,6.197381973,50.609516144
58.780551910,5.179759502,62.983417511
58.378097534,4.924822807,60.119808197
57.625068665,4.885409355,53.007369995
58.188983917,6.828077316,55.843429565
61.515983582,5.968483448,16.255514145
56.996593475,7.043967247,35.465496063
58.044223785,5.118375301,61.297378540
58.554855347,4.538359165,52.685550690
58.567470551,5.690608501,67.718254089
58.443386078,6.160400391,66.330383301
58.412498474,5.795321941,67.832107544
58.629322052,6.194384575,65.876266479
57.313526154,4.348992825,39.254840851
58.283370972,4.346248627,48.324096680
58.432540894,6.717730999,58.819164276
58.952117920,4.730813503,54.534149170
57.484745026,6.107285023,56.334465027
57.943710327,5.462328434,63.669971466
58.941913605,4.791697025,55.745544434
57.943771362,4.978901386,58.400455475
57.301879883,4.921905994,48.086734772
59.022468567,5.830804348,64.791481018
57.465847015,5.547882557,56.704967499
56.706199646,5.045670986,36.999038696
60.494583130,5.688740253,35.782302856
59.076667786,5.713495731,64.095909119
58.693176270,6.442242146,62.880714417
57.240390778,5.748047829,52.420886993
59.923873901,4.983483315,43.726203918
57.778568268,5.471292496,61.610202789
58.614032745,6.303901672,64.835762024
59.612419128,6.278481960,53.314617157
58.282955170,7.038151264,51.983215332
59.049118042,4.283304214,44.497821808
60.871376038,7.548905373,16.504373550
58.176792145,6.156894207,65.287498474
59.669364929,5.606783390,53.892559052
59.075359344,6.883562565,52.772323608
57.330181122,5.176651955,51.515346527
59.266414642,6.239798546,59.590950012
59.268802643,5.646415710,61.267017365
58.056003571,3.780344486,34.601753235
57.199008942,5.826050282,51.452850342
59.169563293,6.310162544,60.286705017
58.216766357,5.507212162,66.280006409
13.826091766,85.197540283,64.794181824
15.013457298,85.265769958,51.927852631
12.127666473,83.846771240,34.334346771
15.127671242,83.948165894,40.371208191
14.373409271,84.850952148,61.759132385
13.439153671,84.985191345,63.508193970
14.830297470,84.926483154,55.501857758
13.575592995,83.588523865,46.337127686
13.815602303,85.650367737,61.238479614
13.848057747,86.517227173,45.811702728
13.664083481,85.418304443,63.252784729
15.257415771,83.569313049,32.163684845
13.153086662,86.545486450,42.433197021
14.545041084,85.797706604,54.834281921
14.441562653,85.446395874,59.856090546
15.240509987,85.497085571,46.168571472
13.848779678,85.278289795,64.456268311
13.801775932,83.962310791,54.090942383
14.379585266,84.988891602,62.064624786
15.430827141,85.043678284,43.503780365
14.029830933,85.365928650,63.582923889
12.983355522,86.111465454,48.509639740
15.513976097,85.104553223,41.658863068
13.308433533,84.764297485,61.725685120
11.716549873,84.941513062,32.949745178
13.859910011,86.174087524,52.869731903
14.568960190,84.702827454,58.551898956
13.332089424,86.243232727,49.676952362
13.435448647,84.609298706,61.805522919
15.001430511,86.156913757,42.852161407
13.627703667,84.525550842,62.088752747
11.597031593,85.709030151,28.604331970
12.712542534,83.156593323,31.812707901
15.193733215,85.767295837,44.716651917
12.469903946,83.904922485,40.890605927
14.479873657,84.241355896,54.622909546
14.905061722,85.735786438,50.323867798
14.145508766,85.524024963,61.728759766
13.800363541,85.999839783,56.058292389
13.154831886,85.205276489,60.276859283
14.360858917,85.682319641,58.328701019
12.413925171,84.618919373,46.783374786
13.861715317,84.711311340,63.962741852
15.383570671,84.726173401,43.637248993
13.446693420,85.888755798,56.572628021
13.939444542,84.974052429,64.909942627
12.852418900,85.420845032,54.709648132
14.648008347,85.598419189,55.844722748
12.830728531,86.856101990,33.648586273
12.162334442,83.536643982,30.952436447
14.569469452,85.345169067,58.951259613
13.059413910,84.020759583,50.969867706
15.929712296,85.236419678,32.290851593
14.143113136,85.437210083,62.510578156
14.043720245,85.659423828,60.741737366
14.341336250,84.744102478,61.537563324
13.317270279,83.378303528,40.885898590
12.828607559,85.390441895,54.512004852
14.653935432,85.718368530,54.428543091
13.268219948,83.856155396,50.148693085
10.831553459,86.271064758,14.114339828
13.019682884,84.670860291,57.721775055
13.740486145,83.713768005,49.179080963
13.259130478,87.142799377,31.088640213
14.114298820,85.478576660,62.323867798
12.026417732,87.362930298,18.436822891
12.186117172,87.041648865,24.054809570
11.493856430,86.524696350,21.086256027
15.226966858,84.294921875,43.240127563
14.031492233,85.666809082,60.697357178
12.795117378,83.670211792,41.977928162
12.291194916,85.660339355,42.527641296
13.523797035,84.555023193,61.901588440
14.575679779,85.627395630,56.527942657
12.853449821,83.918128967,46.823928833
14.132173538,84.581741333,61.964267731
13.708117485,86.695625305,41.886005402
14.111240387,84.257057190,58.117153168
13.769573212,84.166679382,57.649509430
15.217433929,84.557746887,46.013595581
13.816183090,85.427062988,63.483253479
13.768162727,83.160781860,37.010929108
12.162490845,84.666976929,41.815448761
13.928343773,84.981552124,64.942611694
12.651764870,83.770904541,41.726657867
13.207354546,84.650848389,59.990661621
14.121748924,84.793006897,63.572032928
14.211620331,84.524681091,60.851360321
13.352954865,84.771278381,62.179439545
12.826545715,85.744445801,51.349201202
12.795316696,84.597686768,53.760295868
13.535792351,83.821945190,50.999469757
-86.117721558,-83.285446167,58.788261414
-86.180946350,-82.634071350,63.471141815
-86.592704773,-82.794212341,58.031074524
-84.484123230,-82.599937439,50.332420349
-84.647529602,-82.227645874,52.823734283
-85.018630981,-83.348602295,53.765834808
-85.687881470,-82.440223694,65.162857056
-86.405410767,-83.396965027,54.660758972
-87.283050537,-81.078002930,32.427825928
-86.765190125,-81.227920532,42.288833618
-86.260284424,-83.436630249,55.481296539
-85.170272827,-83.205329895,57.517414093
-85.224327087,-82.906951904,61.058853149
-85.312362671,-83.542327881,53.827964783
-84.961441040,-82.086166382,57.107490540
-86.712440491,-79.931205750,19.517534256
-85.252662659,-80.283676147,27.741897583
-84.192520142,-82.762977600,43.732719421
-86.205062866,-82.977600098,61.549209595
-87.622817993,-83.269973755,34.952754974
-85.546020508,-81.048179626,45.364017487
-86.565559387,-81.692085266,52.423294067
-87.045379639,-83.160461426,47.531307220
-86.250427246,-82.202331543,61.668933868
-85.335479736,-81.611801147,55.251602173
-85.021949768,-82.330970764,59.475185394
-85.402420044,-80.985610962,43.433040619
-86.303710938,-81.799407959,56.970108032
-87.600929260,-82.162803650,37.478080750
-86.276039124,-82.571571350,62.639995575
-84.752700806,-82.409492493,55.417808533
-84.907600403,-81.100372314,41.725116730
-85.403694153,-81.403099060,51.993949890
-86.119346619,-82.582351685,64.012100220
-86.315406799,-81.531166077,52.745338440
-85.378700256,-83.081375122,60.917182922
-85.638122559,-81.532569885,55.315914154
-85.832054138,-83.523071289,56.089950562
-85.660873413,-84.554702759,34.051990509
-85.024017334,-82.995468140,57.897819519
-86.262100220,-81.698448181,55.915008545
-87.157951355,-80.627044678,27.124975204
-86.273033142,-83.097389221,59.813213348
-84.771560669,-81.865447998,52.005874634
-83.341560364,-82.785346985,25.531032562
-85.913192749,-84.053459167,45.290977478
-86.124893188,-83.295570374,58.601085663
-86.241554260,-84.318328857,38.215229034
-84.132179260,-83.990745544,30.040981293
-88.594993591,-83.762565613,14.896527290
-86.396629333,-83.723693848,49.291877747
-84.694488525,-82.711982727,54.198436737
-85.767402649,-81.963745117,61.865287781
-85.506774902,-81.595573425,55.989574432
-86.902267456,-83.121658325,50.561485291
-85.126823425,-85.108695984,21.042589188
-87.167976379,-82.073150635,46.076580048
-86.273040771,-81.638031006,54.883548737
-84.983604431,-83.772232056,46.300621033
-85.386131287,-81.372444153,51.305427551
-85.645355225,-83.551605225,55.439594269
-84.913398743,-81.938713074,55.010562897
-85.250175476,-81.858200073,58.153862000
-88.787399292,-81.693199158,14.407000542
-83.984657288,-82.137504578,38.609329224
-85.600059509,-81.877700806,60.580692291
-85.454559326,-81.922355652,60.501213074
-85.791320801,-83.340843201,59.090766907
-86.797111511,-83.572334290,46.808170319
-87.165832520,-83.641883850,39.707660675
-84.031524658,-81.820045471,37.442012787
-86.417816162,-82.964530945,59.424209595
-85.680229187,-83.229682922,60.580074310
-85.725273132,-81.796539307,59.695823669
-85.828529358,-82.238121033,64.287406921
-84.906295776,-82.846275330,57.231548309
-85.507995605,-82.883514404,63.495094299
-85.821319580,-82.898872375,64.045455933
-86.321655273,-82.400428772,61.917526245
-85.226242065,-82.427833557,62.295078278
-85.294059753,-83.312072754,57.333541870
-86.996520996,-82.157096863,50.040782928
-85.104904175,-82.524284363,60.995529175
-84.444755554,-81.666442871,43.934219360
-83.112220764,-82.774948120,21.302301407
-86.791633606,-83.314277649,50.434623718
-86.358283997,-82.098106384,59.724411011
-87.950859070,-81.255592346,24.017988205
-86.032081604,-82.820930481,63.847877502
-86.872131348,-82.688362122,53.587753296
-85.779548645,-82.696083069,65.113677979
-85.453727722,-83.163772583,60.504253387
-96.852134705,67.072296143,58.297904968
-95.857650757,66.721153259,63.958797455
-94.897293091,65.501403809,40.030872345
-96.811561584,67.781188965,51.163818359
-97.439201355,65.214553833,33.806350708
-95.138458252,66.762168884,56.158634186
-95.851089478,66.432312012,62.674842834
-95.925056458,66.431854248,62.962028503
-94.600875854,66.125823975,42.926345825
-96.117691040,68.318420410,45.204921722
-95.928810120,68.755989075,35.634033203
-96.061302185,67.891380310,53.685005188
-97.611663818,66.677612305,45.088768005
-97.540794373,67.368423462,44.051685333
-97.169189453,66.807739258,53.948745728
-96.238517761,65.365768433,46.927982330
-97.575683594,66.012931824,42.171466827
-94.215690613,66.230484009,35.918865204
-95.039100647,66.466926575,53.598777771
-95.079597473,64.697059631,27.799823761
-96.359512329,67.473373413,59.473339081
-96.119575500,66.437515259,63.269439697
-96.386779785,67.673347473,56.551349640
-95.658805847,66.567993164,62.221035004
-95.313262939,67.112190247,57.915519714
-95.743736267,68.070999146,49.356884003
-96.016609192,66.802047729,64.500091553
-96.599273682,66.674087524,61.911754608
-94.368560791,65.880714417,36.091590881
-97.089912415,67.520729065,50.835842133
-96.105087280,66.619972229,64.239486694
-96.001434326,66.603088379,64.098121643
-95.105789185,65.684844971,45.936203003
-96.968093872,66.608940125,57.082439423
-97.562759399,65.150917053,31.146276474
-94.089637756,67.281440735,33.363105774
-95.966377258,67.761978149,55.809230804
-96.996917725,66.208366394,54.112174988
-95.332870483,67.414642334,55.679214478
-95.443405151,63.982730865,17.716228485
-96.924400330,67.001037598,57.580295563
-96.312271118,69.064201355,28.994796753
-95.029762268,67.082054138,53.582202911
-97.073272705,66.488670349,54.928836823
-95.715118408,67.651756287,56.444492340
-95.075187683,67.556961060,50.272613525
-96.880233765,67.936119080,47.804893494
-97.336753845,65.988052368,46.292343140
-95.525550842,66.374076843,59.783290863
-96.962356567,65.702423096,48.059776306
-97.504577637,67.055946350,46.765659332
-94.695755005,66.423576355,46.926086426
-96.356666565,65.051643372,39.995269775
-95.043121338,68.735275269,30.332660675
-97.753776550,65.460533142,32.652244568
-96.635910034,65.959648132,55.482341766
-95.728973389,68.138221741,47.960044861
-94.947723389,67.051567078,52.242500305
-96.680252075,65.404342651,45.603397369
-96.753097534,68.072036743,46.798397064
-96.018066406,66.077133179,59.525573730
-96.140075684,67.348587036,61.577098846
-97.269172668,67.938842773,42.224937439
-95.799842834,66.307624817,61.389053345
-95.513473511,66.742362976,61.307723999
-96.300514221,66.271255493,61.462917328
-96.825180054,67.180358887,58.003437042
-96.488311768,65.567710876,50.023696899
-95.790458679,67.853111267,53.622592926
-96.004661560,65.915870667,57.172622681
-95.552421570,68.460678101,40.280933380
-97.408226013,66.906173706,49.222507477
-95.751235962,67.685501099,56.161392212
-94.965408325,66.337257385,51.489273071
-97.640838623,67.330535889,42.296554565
-96.791511536,65.577232361,47.846656799
-94.807968140,65.613121033,40.419124603
-94.553474426,66.859817505,44.841491699
-95.637199402,66.831230164,62.537071228
-97.594741821,64.747581482,24.597898483
-95.740768433,67.091979980,62.511322021
-95.873710632,65.702438354,53.212429047
-95.937400818,66.441932678,63.071445465
-96.913475037,67.537940979,53.280452728
-97.686599731,67.112709045,42.660728455
-95.571998596,67.533683777,56.954692841
-96.961631775,66.625373840,57.228805542
-93.785156250,67.186042786,27.576078415
-95.855735779,67.063133240,63.319370270
-95.870140076,68.714866638,36.391403198
-94.972686768,66.438354492,52.275375366
-95.703987122,66.133171082,58.909385681
56.841201782,72.596321106,39.279308319
54.026611328,75.461143494,30.069295883
57.784469604,74.470733643,28.725770950
55.744087219,74.659698486,57.697380066
54.984294891,74.173675537,60.188503265
55.670257568,74.628990173,58.340621948
54.073352814,73.495391846,44.978862762
56.476345062,73.326835632,54.635139465
54.637989044,76.044502258,26.949928284
55.669467926,73.423515320,62.739044189
53.938980103,74.731773376,38.044860840
56.330486298,73.703666687,58.929443359
54.529121399,73.977882385,54.556819916
54.795494080,73.060333252,53.488910675
55.528137207,72.951042175,56.907829285
55.877998352,74.610420227,57.823760986
54.791717529,72.634185791,46.613609314
57.192630768,73.062156677,39.214015961
54.971408844,74.215446472,59.768089294
56.230720520,73.746109009,60.307109833
56.092144012,73.601440430,61.383014679
54.660179138,75.428749084,38.579837799
58.119792938,75.698402405,14.021892548
55.773155212,75.835861206,34.465938568
55.987052917,73.525146484,61.905868530
56.097728729,73.908035278,61.796764374
54.648231506,73.104110718,52.033458710
56.433403015,72.155899048,36.315670013
56.235485077,72.372848511,42.583942413
53.510173798,72.163581848,21.375204086
57.598114014,73.806198120,34.512184143
55.717933655,75.421684265,43.442943573
56.565528870,72.610923767,43.486286163
56.500354767,74.186607361,55.419635773
55.289672852,74.026718140,63.422790527
56.911163330,73.116462708,45.132740021
56.032234192,73.992774963,62.214263916
53.834186554,73.200180054,38.124916077
55.824562073,75.299774170,45.675598145
56.632682800,74.599639893,49.446323395
54.816074371,75.803642273,32.761363983
55.846591949,72.996063232,56.967544556
55.448444366,74.898681641,53.959220886
55.638969421,74.889297485,54.167221069
56.735042572,74.402961731,49.795734406
54.773647308,74.137886047,57.786827087
55.676517487,75.861778259,34.112922668
54.005027771,73.867607117,44.387237549
55.047256470,74.337532043,59.533584595
53.193786621,75.117355347,21.251611710
55.645099640,72.157730103,40.767910004
55.270236969,74.611389160,57.945476532
54.039901733,74.005653381,44.944812775
54.573875427,73.446441650,54.151313782
55.658088684,74.185882568,63.218597412
55.160606384,74.275222778,61.050189972
56.449329376,73.723518372,57.246326447
57.062919617,75.464645386,30.168436050
55.202648163,73.364585876,61.043979645
53.967178345,73.875862122,43.574748993
55.267913818,74.781478882,55.354709625
54.121688843,73.725036621,46.751079559
56.600093842,73.272071838,52.175418854
54.868988037,72.555488586,45.947689056
58.251922607,73.254959106,20.465246201
54.331005096,73.198577881,47.831420898
54.857055664,73.733039856,59.646080017
56.456722260,73.704109192,57.090122223
54.708526611,72.551094055,44.140140533
55.653205872,74.044967651,64.027404785
57.162281036,74.094879150,43.372928619
55.532341003,72.951774597,56.922882080
55.325397491,73.563957214,63.228633881
55.261184692,73.043174744,57.524803162
56.169681549,73.859985352,61.083580017
55.430995941,72.288383484,43.619384766
56.124992371,74.489448547,57.494392395
54.792221069,74.992553711,47.881084442
54.266590118,73.980560303,49.650627136
55.360141754,72.685256958,51.785243988
55.821052551,75.705001831,37.105220795
55.698986053,73.539405823,63.501140594
56.078372955,74.108146667,61.294403076
55.659111023,73.576889038,63.797618866
57.053325653,74.458793640,43.335685730
55.102680206,73.894424438,62.415767670
54.890483856,73.394142151,58.322338104
54.990623474,72.868118286,52.754245758
56.408626556,73.711387634,57.834213257
56.185478210,73.332305908,58.508499146
55.570987701,73.291389465,61.573524475
56.351016998,73.754013062,58.742900848
94.992797852,58.190010071,37.828960419
95.999336243,59.123329163,59.074306488
95.707885742,59.339981079,62.290298462
96.677856445,60.375858307,54.444469452
96.170883179,59.215591431,59.168930054
96.189956665,61.546543121,41.979816437
94.891479492,60.004051208,57.864669800
94.074455261,61.230274200,32.079635620
95.325759888,60.614292145,58.877613068
94.000442505,61.629253387,25.704944611
95.366798401,60.377368927,61.726741791
95.874488831,59.576240540,64.153350830
97.409461975,58.183666229,27.254631042
96.022384644,60.742359161,57.979782104
95.693809509,59.713542938,64.971908569
95.580978394,58.604076385,50.333862305
95.761795044,60.344429016,63.459022522
95.792266846,59.559436798,64.189933777
95.233940125,59.552417755,61.384620667
96.981414795,57.745079041,25.860738754
95.763740540,59.503959656,63.810005188
97.179473877,59.887203217,46.162467957
97.208595276,57.707824707,23.012384415
96.183250427,60.111770630,62.846275330
97.114204407,58.190364838,31.508111954
95.568634033,59.897773743,65.012100220
95.227874756,61.048290253,51.423561096
95.384986877,61.866474152,35.867774963
96.777847290,60.782546997,48.357437134
96.282966614,58.768016815,51.514308929
95.292572021,60.404464722,60.865379333
96.401222229,61.138896942,48.140411377
95.256225586,58.971557617,54.976390839
96.582771301,59.022087097,52.000759125
96.596977234,61.031448364,47.531089783
96.179824829,59.474132538,61.670925140
95.764747620,60.425178528,62.719322205
95.733856201,62.030010223,33.046741486
94.732994080,58.829044342,46.149242401
94.746772766,59.242134094,51.781009674
93.544738770,59.202060699,27.596471786
95.070381165,59.910228729,60.602066040
96.141471863,58.591495514,49.288440704
96.623725891,61.633956909,36.279724121
95.515380859,61.406085968,46.173065186
95.922660828,61.820446014,37.322803497
96.840950012,58.267807007,36.371585846
95.742294312,60.886035919,56.517799377
95.754211426,59.794830322,65.239906311
96.993431091,59.121860504,46.264904022
95.741180420,60.155338287,64.728790283
95.389877319,59.811584473,63.903827667
96.498695374,60.264549255,58.163356781
94.914947510,58.727588654,47.103126526
94.934562683,59.832962036,58.567699432
95.563728333,58.999755859,57.417934418
95.125518799,58.311672211,41.521911621
96.141525269,59.791694641,63.561466217
94.463882446,59.860332489,49.897308350
97.066291809,59.091777802,44.552558899
97.038803101,59.508255005,48.343505859
95.921493530,59.929462433,65.009872437
97.125190735,59.990146637,47.271739960
94.581764221,58.520744324,38.880321503
94.190750122,58.119743347,26.813348770
95.769805908,58.873336792,55.693767548
95.642860413,59.127853394,59.566947937
94.952880859,59.350868225,56.165611267
96.427253723,60.760856628,53.956756592
96.094841003,58.841888428,54.173782349
96.367301941,60.520610809,57.719585419
95.998313904,59.228092194,60.441806793
96.432525635,60.254531860,59.181690216
92.606811523,60.476165771,13.368782997
93.809928894,60.495273590,33.956604004
95.569595337,61.025325775,53.839199066
95.625503540,58.945098877,56.730918884
95.576316833,60.891517639,56.189838409
95.749916077,59.717376709,65.018684387
96.467224121,60.042072296,59.669380188
95.717742920,61.197772980,50.794776917
97.278785706,60.445037842,41.735370636
95.437705994,61.328624725,47.461151123
96.906791687,60.550609589,48.637638092
94.507591248,59.972385406,50.799255371
94.979995728,59.672698975,58.807701111
95.963722229,59.931873322,64.826766968
95.248497009,61.104667664,50.586277008
94.027534485,60.561897278,38.045154572
93.866188049,60.214309692,36.413177490
94.836761475,60.710018158,51.831802368
95.810119629,60.079418182,64.998359680
-8.722407341,55.451263428,51.791030884
-7.496910095,56.689403534,58.244430542
-4.775031090,56.328693390,15.941740036
-6.728089809,54.548900604,37.885646820
-9.034019470,55.750339508,48.809036255
-8.901555061,57.592235565,37.974987030
-8.114346504,57.488018036,46.501277924
-6.217345238,56.148616791,42.711952209
-7.202327728,56.049736023,59.161666870
-7.165690422,56.589176178,56.277912140
-7.827777386,56.610805511,60.109066010
-5.980431080,56.818851471,34.359996796
-7.378327847,56.230606079,60.565666199
-8.716800690,55.078536987,47.284294128
-7.380771160,54.736442566,46.968448639
-8.470455170,57.387348175,46.149185181
-5.789897919,54.439880371,23.878898621
-6.077477932,55.894397736,39.979885101
-7.719132423,55.992424011,62.478824615
-6.623583317,54.498157501,35.812255859
-7.247963905,55.160964966,53.075698853
-7.133338928,57.648632050,40.103126526
-7.704545021,56.479991913,61.025112152
-7.294575691,55.306240082,55.370063782
-6.192488194,57.812301636,26.134263992
-7.002344131,56.179119110,56.518997192
-8.166021347,55.479343414,58.179325104
-5.993290901,57.520248413,27.143533707
-7.767788887,54.525905609,43.798908234
-10.536139488,55.022407532,16.589675903
-7.834747791,57.506523132,46.542369843
-8.355783463,56.610649109,57.683624268
-6.400946617,56.234371185,46.126502991
-7.846575260,54.797073364,49.098594666
-8.906602859,56.521934509,50.876285553
-7.905035019,56.228366852,62.364879608
-7.751405239,56.769977570,58.353099823
-8.488815308,55.770256042,57.488121033
-5.807945251,55.306049347,32.308658600
-7.985702991,55.516448975,59.471824646
-7.259346008,57.128227234,50.469253540
-8.202339172,55.674419403,59.666950226
-7.983108997,56.635669708,59.691177368
-8.443522453,55.729873657,57.780319214
-10.076321602,54.724090576,21.260246277
-7.816571236,57.003700256,55.304039001
-7.409051895,55.007068634,51.867057800
-9.104383469,56.280513763,48.227596283
-9.356930733,57.171760559,36.858306885
-7.640231133,54.498516083,43.155506134
-8.670081139,55.381523132,51.810440063
-8.477319717,54.615901947,42.222862244
-8.578789711,55.421432495,53.474620819
-8.415412903,57.233791351,49.210536957
-7.599299908,55.112579346,54.353839874
-8.038748741,55.226276398,55.743480682
-8.004134178,56.981346130,55.460918427
-7.451856613,58.391437531,27.627189636
-7.328200340,55.192241669,54.140090942
-6.894386768,57.185768127,45.397537231
-6.609960556,55.011592865,43.374492645
-7.851765156,57.237648010,51.529430389
-9.388856888,55.606418610,41.009716034
-9.131065369,55.173263550,42.046360016
-8.716585159,57.356403351,44.107822418
-7.938665390,55.242481232,56.321868896
-8.739733696,56.247501373,54.766288757
-7.715263367,57.449909210,47.456546783
-7.204110622,54.674037933,44.684879303
-8.333107948,57.175907135,50.805500031
-8.325210571,57.840408325,38.634334564
-8.802416801,56.678447723,51.459182739
-8.565342903,55.596240997,55.313377380
-6.605545998,55.978767395,50.305610657
-6.890675068,56.579124451,52.706848145
-6.950262070,55.217647552,50.703662872
-7.925702095,56.530086517,60.733909607
-8.553200722,57.735336304,39.102859497
-8.481355667,55.805831909,57.767238617
-8.710686684,53.962528229,27.794382095
-5.907208920,55.901496887,36.532897949
-8.152042389,55.907119751,61.258621216
-6.284263611,55.140727997,39.604797363
-7.024559498,55.682048798,55.940090179
-8.300798416,56.672893524,57.600414276
-6.715887070,55.591934204,50.850349426
-8.472976685,54.936740875,47.980945587
-6.600623608,55.530578613,48.517021179
-9.553257942,57.515789032,29.454320908
-9.073987007,56.885295868,44.993640900
-7.520699024,56.393749237,60.832263947
-8.288502693,56.471427917,59.322208405
-78.012893677,28.572242737,41.307666779
-74.788101196,28.868230820,39.340412140
-78.364654541,26.999996185,30.271034241
-76.532913208,28.471141815,63.871261597
-76.451766968,27.490989685,63.243824005
-75.749816895,29.148355484,50.689350128
-76.577407837,28.713134766,60.947601318
-78.924163818,27.046695709,21.189542770
-76.666374207,27.495637894,62.400409698
-76.012313843,28.997955322,55.651180267
-75.838447571,27.361978531,59.318202972
-77.867881775,28.541168213,44.570388794
-78.183288574,28.637241364,37.250297546
-76.533561707,26.808368683,51.911487579
-76.057861328,27.981328964,65.312103271
-76.381713867,27.899980545,66.117080688
-75.925590515,28.908638000,56.524829865
-75.848503113,28.996337891,54.381855011
-76.389251709,29.602663040,44.292419434
-75.774002075,27.440509796,59.573566437
-77.439010620,28.190000534,54.986801147
-77.651634216,27.010828018,43.184177399
-76.106025696,27.376316071,61.422706604
-77.278434753,27.949729919,57.978347778
-76.272438049,27.778369904,65.585762024
-76.722663879,28.838846207,58.365173340
-76.002685547,27.760778427,64.284797668
-73.880790710,28.178035736,24.551769257
-75.213111877,27.423223495,50.927566528
-77.708053589,27.192447662,44.582092285
-76.613121033,27.487596512,62.618316650
-75.008728027,27.864162445,49.318908691
-75.883644104,27.937723160,63.869487762
-76.778671265,28.022199631,64.458290100
-74.631065369,27.216255188,37.298839569
-75.578125000,26.958196640,50.363327026
-76.804740906,27.987787247,64.212844849
-76.018737793,29.467332840,46.333705902
-76.395195007,27.140588760,58.456710815
-75.695075989,27.620035172,60.297111511
-76.106430054,27.867980957,65.377220154
-78.288574219,28.492504120,35.979858398
-75.761749268,28.910808563,54.924015045
-74.544654846,26.789100647,30.987110138
-75.828605652,28.393499374,61.872596741
-76.764198303,28.381311417,63.288677216
-75.845466614,26.765520096,49.429130554
-76.098892212,27.066219330,56.678611755
-76.996971130,26.209459305,36.217006683
-76.818473816,27.780633926,63.475509644
-75.795257568,27.985103607,62.983909607
-77.887405396,28.846351624,41.337318420
-76.463699341,28.472574234,64.042999268
-75.379180908,29.406808853,41.351867676
-74.383888245,27.911966324,35.374614716
-76.033988953,26.905843735,53.416431427
-75.283515930,26.799316406,43.623813629
-78.150367737,28.814590454,36.423271179
-76.866813660,28.761812210,58.350181580
-75.937042236,26.354202271,41.156532288
-79.064796448,26.887601852,18.099685669
-76.328620911,26.762428284,51.273063660
-76.997879028,26.525262833,43.020778656
-76.175239563,28.075029373,65.885025024
-76.826507568,29.381269455,47.640686035
-74.847396851,28.549470901,43.625812531
-78.144882202,26.879514694,32.826023102
-75.937988281,27.355646133,60.106166840
-76.832206726,28.883171082,56.863239288
-75.834243774,29.298358917,48.582660675
-76.774322510,29.359430313,48.437747955
-76.899246216,29.483695984,44.956501007
-76.239280701,27.123695374,58.104290009
-77.976333618,27.682731628,43.363170624
-76.601348877,28.841865540,58.977954865
-76.455703735,27.551773071,63.860248566
-75.268074036,27.759378433,54.259956360
-76.921356201,28.558813095,60.262535095
-76.834945679,28.643007278,60.168918610
-76.942031860,27.761245728,62.094902039
-76.192939758,27.610078812,64.248809814
-76.358566284,28.799676895,60.118598938
-75.934509277,28.465173721,62.301403046
-76.980545044,28.837034225,56.136177063
-75.675552368,28.988622665,52.674472809
-77.071479797,27.811746597,60.717498779
-75.711578369,27.375389099,58.122238159
-76.571235657,29.910009384,37.040676117
-74.393356323,29.224143982,27.772697449
-75.406532288,26.964952469,48.186656952
-75.832550049,27.625087738,61.914939880
-77.403686523,27.475198746,53.145915985
-71.213676453,88.386428833,62.702526093
-71.880142212,89.725822449,55.151710510
-71.185234070,89.167243958,63.814380646
-71.217468262,88.258079529,61.418098450
-72.699913025,89.244346619,47.517311096
-71.836380005,86.923004150,35.285636902
-71.721908569,87.841567993,54.111923218
-70.630691528,89.455406189,56.874797821
-70.832450867,88.268745422,59.394931793
-70.597793579,89.253433228,58.264575958
-71.739196777,88.480445862,61.911239624
-70.436637878,88.460182190,56.086791992
-71.025688171,89.967742920,52.744003296
-69.419998169,90.597656250,22.716075897
-70.428520203,87.427871704,42.518302917
-72.018394470,88.385696411,58.264152527
-69.676193237,88.234466553,40.151905060
-70.943176270,89.034652710,63.163173676
-72.264472961,89.315605164,54.992271423
-70.931045532,87.678009033,51.532840729
-70.106468201,86.847274780,28.800676346
-71.920097351,89.905754089,51.856601715
-72.522598267,89.284049988,50.729969025
-72.625701904,88.840759277,50.077705383
-73.643112183,88.091209412,25.712865829
-72.872261047,88.532020569,44.120914459
-71.744575500,88.260116577,59.839767456
-70.531433105,88.046905518,53.447322845
-70.694953918,90.563056946,38.438930511
-71.190277100,88.076110840,59.074645996
-72.578681946,88.223999023,47.806457520
-70.624702454,89.089370728,59.583827972
-70.392547607,89.704116821,50.540550232
-71.188529968,89.407272339,61.799320221
-69.474098206,90.349441528,26.609361649
-71.632087708,89.923461914,53.624706268
-70.743492126,90.070175171,48.811363220
-70.657722473,87.959617615,53.790290833
-72.949028015,89.506408691,40.600608826
-69.426727295,88.158119202,34.493228912
-71.517433167,87.898033142,56.131675720
-70.151512146,86.628616333,25.609832764
-73.593002319,89.308799744,28.485387802
-71.411689758,88.454162598,63.314067841
-71.630439758,89.470771790,60.468914032
-71.743148804,87.836860657,53.882316589
-72.256706238,89.822120667,49.224510193
-71.854087830,87.548507690,47.821933746
-71.227165222,89.438781738,61.549980164
-70.000381470,89.151687622,48.517314911
-71.989051819,89.407791138,58.009254456
-70.602165222,88.894874573,59.792598724
-71.373939514,89.193916321,63.848728180
-71.399200439,89.183898926,63.888042450
-72.351257324,87.783348083,46.091068268
-72.165451050,89.575996399,53.867046356
-71.070541382,89.974021912,52.838962555
-71.516036987,87.790138245,54.306331635
-70.184791565,88.915016174,52.861892700
-70.045890808,89.531730652,46.639156342
-69.140724182,88.714012146,30.577577591
-70.428619385,89.825149536,49.335403442
-71.884468079,88.761299133,61.862014771
-72.791084290,87.384986877,33.171112061
-71.202774048,89.726791382,57.581222534
-70.691314697,89.273811340,59.300399780
-70.466323853,88.344085693,55.679904938
-71.601875305,89.671302795,57.954765320
-70.896224976,88.723594666,62.944122314
-70.008544922,87.641784668,40.063259125
-71.848022461,88.650382996,61.901165009
-70.512809753,88.936164856,58.460311890
-72.590835571,89.447784424,48.175136566
-70.241798401,89.673088074,48.555072784
-70.710189819,87.059471130,38.054393768
-72.229232788,89.415863037,54.673572540
-71.384231567,89.456344604,61.440090179
-72.595687866,88.872291565,50.686100006
-72.719123840,86.980102539,27.805429459
-71.033561707,89.776374817,56.131290436
-71.083724976,88.900787354,64.354835510
-72.891357422,89.939888000,37.114650726
-71.373390198,90.893348694,33.529457092
-70.387031555,86.928657532,32.966697693
-70.574295044,87.537246704,46.051315308
-72.088836670,88.683029175,59.124042511
-71.423408508,89.331352234,62.688911438
-72.352195740,87.783088684,46.073013306
-70.728736877,88.920532227,61.364494324
-71.154968262,86.740097046,33.145778656
-71.506477356,88.043052673,58.410068512
-72.249969482,89.855720520,48.807010651
3.273993015,-18.160509109,45.241493225
4.038653851,-16.617322922,61.981361389
3.485649586,-15.833468437,45.653804779
5.819511890,-17.949058533,40.481815338
4.124582767,-17.846286774,58.168796539
2.684282303,-16.764600754,42.339591980
5.103259087,-15.055747986,31.699386597
3.472254753,-15.731376648,43.639102936
5.712018013,-16.869758606,48.254318237
4.971827984,-16.194339752,54.366203308
6.343764305,-16.589803696,33.541595459
4.309526443,-17.933780670,57.180313110
4.674984932,-16.043447495,54.300331116
4.614274502,-17.847536087,57.810794830
4.458740711,-17.196765900,64.398155212
4.634403229,-18.729459763,40.732700348
4.920453072,-16.472188950,58.432868958
4.814517975,-17.071374893,62.592319489
2.563728094,-17.086935043,40.467926025
5.430379391,-17.927740097,47.613368988
2.380394936,-18.608169556,25.512586594
4.683690071,-16.694736481,62.394824982
5.255957603,-17.122871399,56.928340912
2.869335890,-17.886116028,42.313114166
5.188503742,-16.927116394,57.919105530
5.019494057,-16.632823944,58.789730072
4.164703846,-17.241619110,64.085243225
6.226766586,-16.652936935,36.360027313
4.241076946,-16.612192154,62.726280212
4.592570305,-19.224967957,30.187416077
5.019748688,-15.246672630,36.192443848
3.589384556,-15.613575935,42.667053223
4.112794876,-16.774141312,63.473144531
5.440024376,-17.787612915,49.227359772
5.612158298,-18.281829834,39.467834473
3.494509697,-17.661132812,54.967594147
5.031669617,-17.408487320,58.957214355
2.849689960,-17.284145355,46.186965942
3.585443020,-16.336318970,54.698177338
4.026429176,-16.996837616,63.769630432
3.964191914,-16.633672714,61.638496399
4.186073780,-16.742412567,63.561035156
1.776275754,-16.970361710,24.231956482
4.783577919,-17.266891479,62.375789642
5.039056778,-16.329004288,55.454738617
5.673878193,-16.962800980,49.218696594
2.455863714,-19.353111267,17.161159515
2.767823458,-17.105518341,44.789691925
4.212358952,-16.791372299,63.915557861
3.744418383,-17.804103851,56.204383850
4.924712181,-16.411687851,57.717647552
4.113014221,-17.106088638,64.223449707
4.773978710,-16.563268661,60.677078247
3.225683689,-17.787185669,49.570373535
3.139118195,-17.574518204,50.152149200
5.181997776,-16.521339417,55.682754517
3.271566391,-16.555345535,52.358467102
4.455507278,-17.561538696,61.973594666
2.963204622,-17.242435455,48.584918976
5.049608231,-19.230709076,27.984022141
3.973541260,-14.813328743,28.613491058
5.042301178,-16.807779312,59.567859650
3.632479191,-17.745941162,55.750453949
4.286375999,-15.464748383,43.465309143
4.835253716,-17.939769745,54.919086456
5.546451092,-17.360206604,50.970447540
6.067010880,-17.634214401,38.557312012
3.366398573,-16.892982483,55.920768738
5.351991177,-16.030166626,47.064624786
4.528856277,-18.055707932,54.789115906
3.864323616,-19.085893631,32.622695923
3.456542730,-17.246068954,57.303035736
4.758666515,-17.407066345,61.767982483
4.312685490,-17.463796616,63.006240845
5.120689869,-17.966724396,51.505744934
5.207212448,-15.106731415,31.882385254
4.842453957,-17.594703674,59.398628235
3.833394289,-15.857774734,49.602672577
3.243074894,-18.021415710,46.861961365
3.205215931,-18.346126556,41.301906586
3.324847937,-16.277706146,50.275726318
5.471946716,-17.764684677,48.948841095
4.576998234,-16.308454514,58.904903412
4.470228672,-18.022554398,55.533752441
2.899262667,-16.057184219,40.252971649
4.865843773,-16.490655899,59.164608002
3.262017488,-16.832633972,53.945175171
4.998663902,-16.753578186,59.838459015
3.624641180,-16.055351257,51.086498260
2.842032433,-16.138870239,40.251430511
5.450720310,-15.495281219,36.670578003
4.027172089,-18.067041397,54.203853607
-46.294998169,54.147521973,54.714008331
-47.044883728,54.529273987,66.186683655
-47.990947723,55.167736053,59.097660065
-48.480892181,55.438941956,47.643245697
-48.055809021,53.115005493,39.244857788
-47.138984680,55.278369904,64.150939941
-46.511943817,55.665092468,54.853645325
-49.442516327,53.841594696,26.881071091
-46.982223511,56.365741730,44.245738983
-46.305133820,56.748077393,32.524295807
-47.613815308,55.121154785,63.911350250
-48.188846588,54.442386627,57.080181122
-47.824172974,54.212749481,60.610664368
-47.482326508,54.849456787,66.248214722
-47.066665649,55.390190125,62.712421417
-46.948890686,54.502693176,65.574768066
-47.611457825,54.539608002,65.074020386
-47.537914276,55.337707520,62.303108215
-46.223350525,56.120780945,43.665775299
-47.886581421,55.316108704,59.064994812
-48.483558655,55.219913483,49.788009644
-46.006206512,54.697147369,53.018024445
-46.016242981,53.708171844,43.758102417
-47.977523804,54.710929871,61.253116608
-46.066665649,54.429309845,53.096626282
-47.542430878,53.855110168,58.044086456
-46.885997772,56.093433380,49.870635986
-46.388198853,55.543388367,55.017272949
-47.295852661,54.283428192,64.691886902
-46.411632538,54.814826965,60.500045776
-47.262485504,55.744979858,57.216453552
-47.286666870,54.008960724,61.278289795
-46.179687500,54.927455902,56.398910522
-48.125907898,53.733833313,50.183506012
-46.993465424,57.184146881,26.527225494
-47.481697083,54.510463715,65.794860840
-45.565105438,54.789455414,43.432285309
-48.537345886,53.273941040,36.234611511
-45.862213135,55.513092041,46.476417542
-46.262752533,54.788982391,58.036895752
-47.815589905,54.629573822,63.325172424
-46.952846527,54.008426666,60.415382385
-46.527427673,53.587142944,49.189277649
-47.421634674,54.642730713,66.554817200
-47.779895782,52.641231537,31.098621368
-46.641006470,54.090988159,58.892486572
-45.763168335,54.504756927,47.139259338
-47.630237579,54.938259125,64.899543762
-46.035438538,54.283329010,51.360328674
-46.074138641,56.287040710,38.793266296
-46.098556519,56.473171234,35.735412598
-45.796230316,56.361621857,33.743255615
-45.484550476,55.054805756,41.299133301
-47.518100739,52.584495544,30.766096115
-48.411609650,54.398456573,52.655220032
-47.470611572,54.693943024,66.409194946
-48.089637756,53.250961304,41.681449890
-47.219100952,54.657318115,66.995933533
-47.896430969,54.104587555,58.553859711
-48.029033661,54.450214386,59.743370056
-47.945178986,56.106613159,45.189857483
-46.847881317,53.874420166,57.578063965
-47.369323730,53.666450500,55.205703735
-46.076709747,56.230926514,39.813743591
-45.836875916,53.702045441,40.431739807
-47.180145264,54.445167542,66.035148621
-46.526863098,53.838829041,53.729297638
-47.764770508,54.433521271,63.091670990
-46.935588837,55.540866852,60.173244476
-47.417606354,55.510704041,60.638362885
-46.266799927,54.633522034,57.849399567
-48.334537506,53.675548553,46.097366333
-46.497150421,54.370513916,60.050266266
-48.801506042,55.459690094,40.822750092
-46.959323883,53.440769196,49.801319122
-45.909458160,55.683372498,45.464725494
-46.950130463,53.572418213,52.540027618
-48.491207123,54.539669037,51.606960297
-48.802791595,55.251819611,42.693656921
-48.499702454,55.011650085,50.873744965
-47.377010345,55.558521271,60.073474884
-48.026824951,55.120468140,58.940193176
-48.483718872,55.642288208,44.993679047
-47.203838348,55.342590332,63.445037842
-48.409404755,55.345821381,50.073673248
-46.782672882,55.210433960,63.138385773
-46.776245117,54.653274536,64.880935669
-45.847579956,54.690841675,49.646251678
-47.828044891,54.788013458,63.240676880
-48.039394379,54.382740021,59.182037354
-47.266124725,54.467182159,66.195388794
-46.889480591,56.792499542,34.587524414
-8.198984146,14.759090424,47.257320404
-9.273642540,13.099773407,62.815498352
-9.148111343,14.539678574,56.123279572
-10.918051720,12.653624535,31.651855469
-8.667597771,13.462697029,64.221809387
-6.802203655,14.134472847,28.339183807
-9.432125092,12.109182358,45.538288116
-9.110493660,12.383569717,52.624961853
-8.303182602,13.847895622,59.578178406
-8.449901581,15.765966415,30.167518616
-9.677399635,13.494385719,60.908821106
-9.982449532,13.606191635,56.039604187
-7.176660061,14.255512238,35.264266968
-8.884420395,13.938420296,63.866657257
-9.980789185,13.293056488,55.589317322
-8.684680939,13.786211967,63.872131348
-10.300549507,14.014412880,47.937450409
-8.490736961,13.309738159,62.117172241
-8.765758514,12.203298569,48.468906403
-10.249729156,13.821476936,50.164047241
-9.437656403,13.675233841,63.450061798
-7.930442810,13.512860298,54.099987030
-11.580601692,13.536135674,22.000625610
-9.250977516,13.452095032,64.864295959
-7.870202541,12.108259201,37.829635620
-8.525977135,15.257093430,40.795764923
-9.395876884,14.159117699,60.287609100
-7.803627968,13.897021294,50.730018616
-9.455030441,12.977269173,60.299186707
-8.026133537,14.278939247,51.639808655
-9.556402206,12.510316849,52.529766083
-10.050740242,15.348442078,33.012580872
-8.837878227,16.047018051,25.979108810
-8.214387894,14.126312256,56.187831879
-8.463661194,14.685939789,51.349914551
-9.735997200,15.846802711,26.918798447
-8.870235443,12.983389854,62.109336853
-8.467372894,14.779129028,49.720478058
-9.777488708,14.253659248,54.875221252
-9.486377716,13.180516243,61.864318848
-9.259415627,14.450331688,57.150424957
-9.879006386,13.879405975,56.804443359
-9.113351822,12.839579582,60.427001953
-9.983457565,12.483901024,46.763759613
-10.403729439,14.582957268,39.847644806
-9.011587143,13.845441818,64.664215088
-7.591744423,12.466672897,38.973125458
-9.711479187,13.941505432,58.920356750
-10.594013214,13.108080864,42.064872742
-9.694827080,14.016312599,58.536640167
-9.195749283,15.694938660,32.639118195
-7.832042217,12.833551407,48.009216309
-9.157246590,13.339204788,64.901039124
-5.463359356,12.176589966,6.851138592
-8.566393852,11.602357864,34.272415161
-8.776870728,15.596680641,34.786968231
-9.178388596,14.791344643,51.436481476
-8.836049080,13.264290810,64.403030396
-9.021590233,13.099886894,63.513816833
-9.395992279,12.356595039,50.911766052
-7.263133049,13.293713570,39.370326996
-8.476159096,12.810257912,57.287281036
-7.652943134,13.413233757,48.293273926
-8.860966682,11.857812881,41.079254150
-8.373957634,15.498295784,34.941276550
-9.639011383,13.228560448,60.486324310
-9.908257484,13.815952301,56.673030853
-8.705909729,14.391870499,57.916133881
-8.218460083,12.874273300,54.922405243
-8.544985771,13.358489037,62.881416321
-9.860966682,13.559933662,58.176052094
-4.968273163,16.001960754,2.808737516
-8.630106926,15.425646782,37.863212585
-8.815317154,13.633651733,65.082344055
-10.719505310,12.726684570,36.369194031
-9.553432465,13.794308662,61.823307037
-8.755949020,13.107847214,62.882717133
-9.358746529,13.520636559,64.270729065
-10.151345253,13.074151039,51.086818695
-9.151223183,12.437840462,53.608379364
-9.100171089,12.851983070,60.620555878
-7.534551144,13.442985535,45.785583496
-8.959479332,14.114817619,62.347465515
-8.212965012,11.950548172,39.030284882
-9.146718025,12.777757645,59.469306946
-8.915103912,13.150457382,63.843299866
-8.612864494,12.706330299,56.990467072
-9.337700844,13.095629692,62.393497467
-7.687342167,14.054793358,47.407218933
-8.401044846,13.400471687,61.432655334
-9.154651642,14.247792244,60.524562836
-7.992499828,13.701936722,55.112525940
-95.100395203,24.801254272,37.490970612
-97.906738281,23.957477570,43.443309784
-96.284645081,23.915388107,60.115528107
-95.126060486,22.606561661,42.759117126
-97.862312317,24.633291245,39.511814117
-97.240524292,22.840879440,50.160640717
-96.037422180,22.840997696,55.756538391
-97.834251404,23.561288834,45.015747070
-97.023521423,24.124959946,56.061069489
-96.748115540,22.838653564,55.232627869
-96.452041626,24.579252243,53.310161591
-95.334136963,22.433874130,43.716110229
-93.442329407,23.201322556,16.851966858
-97.394454956,24.415330887,49.039024353
-96.603713989,25.680818558,32.450386047
-95.394630432,23.328378677,52.255168915
-94.666732788,24.376214981,35.120723724
-97.470932007,24.415493011,47.965370178
-96.758529663,23.443773270,59.858245850
-96.110984802,22.648002625,53.680919647
-97.575378418,23.894884109,49.732002258
-97.630271912,20.951896667,17.233900070
-97.078147888,23.858192444,56.969776154
-96.511924744,24.794229507,49.830730438
-96.058288574,22.760789871,54.921817780
-96.681625366,22.090559006,43.818347931
-95.156242371,22.145999908,37.308486938
-97.162445068,23.366813660,55.596271515
-96.239685059,22.024448395,43.569698334
-97.147575378,23.792140961,56.342586517
-95.112319946,23.876102448,46.836723328
-96.267852783,21.964691162,42.452617645
-96.859382629,24.048593521,57.985691071
-95.161094666,24.416475296,43.305805206
-96.103965759,24.731698990,49.750083923
-93.360580444,22.933237076,15.175084114
-97.005157471,25.045581818,43.661777496
-96.006576538,23.639406204,59.682209015
-95.849662781,22.872612000,54.801158905
-97.276832581,22.749952316,48.561454773
-94.996093750,22.090457916,34.323356628
-95.743385315,22.969411850,54.729343414
-96.595405579,24.270050049,57.239200592
-95.398048401,23.870075226,51.704364777
-98.115158081,25.098064423,29.986049652
-94.931846619,23.618535995,44.258815765
-96.231781006,25.328548431,39.112209320
-95.294815063,23.497804642,50.908329010
-96.534378052,23.333562851,60.455226898
-95.064804077,24.567090988,39.988765717
-97.855461121,23.991741180,44.323829651
-95.377922058,22.020635605,38.106731415
-96.245002747,21.750055313,38.291275024
-96.112548828,21.443864822,32.193538666
-96.923782349,22.916032791,54.706668854
-96.950889587,24.978628159,45.200431824
-95.706527710,23.127531052,55.530200958
-97.175117493,23.288322449,55.018150330
-97.271156311,24.500179291,49.645393372
-94.245277405,24.580299377,26.100749969
-95.910346985,23.361471176,58.665264130
-96.647148132,25.272384644,40.687057495
-96.817977905,25.088197708,43.832904816
-97.373580933,23.230867386,51.797538757
-97.956092834,23.686332703,42.767333984
-97.505767822,25.192148209,36.658538818
-95.829765320,24.064496994,56.063709259
-95.959358215,22.434558868,49.834342957
-96.117919922,25.364179611,37.936447144
-96.233482361,22.510084152,51.988628387
-98.094383240,22.813772202,35.266178131
-98.004272461,24.357616425,39.507713318
-95.460868835,22.651416779,48.126129150
-95.628059387,22.950645447,53.289913177
-96.287651062,23.899055481,60.213687897
-96.685997009,23.945302963,59.623836517
-97.927764893,23.644575119,43.299148560
-96.276992798,21.480707169,33.037216187
-98.051727295,21.667575836,22.376554489
-95.827735901,23.651058197,58.103393555
-95.968078613,22.200721741,46.014377594
-95.103065491,24.509941101,41.290344238
-97.009002686,24.703159332,49.399806976
-96.492965698,21.750894547,38.048240662
-97.874732971,24.260822296,42.585510254
-96.346092224,24.408325195,55.581474304
-96.330413818,23.794771194,60.776699066
-94.118515015,24.923948288,21.246938705
-96.674865723,23.902069092,59.896572113
-95.747596741,24.288490295,53.003971100
-96.171028137,23.033567429,58.272056580
-96.245666504,23.046812057,58.597743988
24.102512360,24.627525330,32.185974121
22.215530396,23.815092087,62.928222656
22.253684998,24.580039978,55.106143951
23.468025208,23.955410004,50.425476074
23.290409088,24.047370911,52.863864899
23.593206406,23.917930603,48.280200958
22.571044922,22.809574127,57.124401093
20.847393036,23.358951569,45.209716797
21.678089142,23.446807861,59.281440735
23.559633255,23.559623718,49.917758942
22.004142761,22.533670425,52.105312347
20.989009857,24.719604492,41.688770294
20.642454147,22.452016830,32.796009064
20.105941772,23.070657730,28.803903580
22.076860428,22.982505798,59.066707611
22.356014252,22.565534592,53.732490540
21.505489349,25.204626083,40.203300476
22.085081100,24.294458389,58.802371979
21.582372665,24.999528885,44.639381409
23.933326721,23.617818832,42.208499908
21.319612503,23.473800659,54.342235565
22.466449738,23.626422882,63.170104980
21.440923691,21.863800049,34.527126312
22.581506729,23.376508713,62.257755280
22.421218872,24.413599014,57.375873566
20.943984985,24.397493362,44.562770844
21.675916672,22.991577148,55.853717804
21.593364716,23.476419449,58.350849152
20.513326645,22.818714142,34.583671570
21.903387070,24.650730133,52.971324921
22.569843292,24.082317352,60.584819794
22.425083160,22.337898254,49.555843353
23.326349258,22.541358948,46.064956665
21.892900467,23.568899155,61.677791595
23.364683151,23.185415268,52.347236633
23.929668427,22.815320969,38.918449402
23.084733963,23.390415192,57.594612122
23.965816498,23.601205826,41.525348663
20.541831970,24.475133896,36.590114594
22.337596893,22.833738327,57.872146606
23.642108917,23.055490494,46.470298767
23.019130707,22.618415833,51.038528442
21.583013535,25.197381973,40.978538513
21.632112503,22.802028656,52.994655609
20.710823059,25.016780853,33.471881866
22.817142487,23.624578476,60.983814240
23.394283295,22.057462692,37.228199005
21.878097534,23.295362473,60.529747009
20.870674133,24.698226929,40.071292877
22.400714874,23.063510895,60.570819855
22.655370712,22.634216309,54.146976471
22.464258194,26.814338684,13.717825890
23.023826599,25.055110931,42.267890930
22.064062119,22.635231018,54.142143250
22.728847504,22.045093536,42.817882538
20.112186432,24.118391037,30.445407867
23.060482025,24.220649719,54.650669098
22.447315216,25.365171432,39.794284821
22.331815720,22.832834244,57.857860565
19.412645340,23.339633942,18.003101349
23.251022339,23.393661499,55.155090332
23.543365479,25.681680679,25.504632950
22.245794296,24.618053436,54.493011475
20.833292007,24.418119431,42.417129517
22.482635498,23.165409088,61.336616516
22.255744934,23.230495453,61.973999023
22.110342026,23.585472107,62.985309601
22.244852066,22.231006622,47.340530396
22.836198807,22.778930664,55.084899902
23.467130661,23.352972031,51.329681396
22.546169281,21.337568283,28.566886902
21.162464142,24.326414108,48.897140503
21.685327530,22.854362488,54.300712585
22.141204834,24.750541687,52.146308899
22.793283463,24.697063446,50.862861633
22.151395798,23.599975586,63.137725830
21.215900421,24.564830780,47.087383270
22.527791977,23.430929184,62.692722321
22.757459641,24.833591461,48.754943848
22.204648972,25.049839020,46.570907593
21.567621231,23.808984756,58.105575562
24.428363800,22.896984100,29.606651306
22.664400101,24.264305115,58.137611389
22.281244278,21.886445999,40.204601288
21.363185883,23.967731476,54.646266937
23.310659409,24.171354294,51.466358185
23.565576553,23.458784103,49.729934692
22.627378464,21.867931366,39.513984680
22.736473083,23.999479294,60.147380829
21.835933685,24.030801773,59.859603882
20.603256226,24.137899399,40.049949646
22.719429016,25.497407913,35.926010132
90.162704468,37.871040344,33.145153046
89.567016602,37.010677338,53.675880432
87.567985535,36.028968811,50.385761261
90.576347351,34.907894135,27.541915894
88.299331665,34.944824219,46.251331329
90.200569153,35.798278809,43.398254395
90.294151306,35.950298309,42.407028198
88.245483398,37.642589569,47.798297882
89.688446045,33.647781372,19.056728363
89.200759888,36.964225769,58.365756989
88.959419250,35.706401825,59.577182770
88.778022766,35.965999603,62.456821442
88.960937500,36.161666870,62.995300293
88.127685547,36.527832031,59.833347321
89.552055359,36.653064728,56.647014618
88.195976257,36.700313568,59.774887085
89.819404602,37.959465027,36.350738525
89.957168579,36.901439667,48.232589722
87.740493774,34.998508453,41.522853851
88.547233582,34.954875946,47.633605957
87.964828491,36.193939209,57.775428772
88.265403748,36.036140442,60.725952148
87.421607971,36.595527649,47.658618927
89.746124268,35.815921783,51.993530273
89.475372314,39.026786804,20.326532364
88.657806396,37.015270233,59.734722137
88.946388245,37.333683014,54.969673157
87.030967712,35.307102203,33.960460663
88.893081665,37.251022339,56.418560028
88.880142212,34.699485779,42.607677460
87.926002502,35.569355011,52.488670349
89.138610840,35.602020264,57.272571564
88.068809509,37.448806763,49.511688232
90.084930420,35.950786591,46.672199249
89.174514771,34.482574463,37.098114014
88.947944641,37.554039001,51.181873322
89.276397705,36.465122223,60.808166504
88.360969543,35.717266083,58.844627380
88.570533752,34.812618256,44.852825165
90.360076904,36.928272247,40.147724152
88.647178650,35.744255066,60.410125732
88.679275513,37.161853790,57.876560211
89.761062622,35.460369110,48.039817810
87.776084900,38.442291260,28.288887024
89.886207581,37.072578430,47.992137909
88.610969543,37.288078308,55.885303497
87.476379395,37.895828247,34.170337677
88.713844299,37.154922485,58.003303528
89.395835876,36.232490540,59.412605286
88.574249268,37.585643768,50.661716461
89.776115417,34.591827393,34.173278809
87.057212830,35.417839050,35.570945740
87.856071472,35.245532990,47.047183990
89.021728516,35.900356293,61.155326843
89.955741882,37.816936493,36.920951843
88.720932007,38.047515869,41.610229492
88.773826599,35.929267883,62.187778473
88.814399719,37.308917999,55.679740906
87.135154724,36.155460358,41.787487030
89.047019958,36.727146149,61.569202423
88.381179810,36.852844238,60.236175537
89.041740417,35.772151947,59.864200592
90.931213379,36.803611755,29.171077728
88.418434143,35.792339325,60.009719849
89.779022217,36.466117859,53.575481415
91.297729492,35.928134918,22.235946655
87.507011414,36.336360931,49.897415161
88.924682617,34.245609283,33.111614227
88.440444946,35.995643616,61.808628082
88.380851746,35.733833313,59.162704468
87.406425476,37.122097015,43.572494507
88.165771484,35.340358734,52.120265961
87.989685059,35.891735077,56.576229095
88.858261108,37.032398224,59.468601227
87.796432495,35.884761810,53.607479095
87.404106140,32.971759796,9.119828224
88.905410767,37.884063721,44.869400024
89.271697998,35.856998444,58.812828064
88.846092224,35.189239502,52.242546082
88.627326965,35.936351776,62.143074036
87.896903992,36.769710541,55.410743713
91.349479675,38.029510498,14.931520462
88.677543640,37.248172760,56.620357513
89.612319946,35.716522217,53.208454132
89.393516541,34.923069000,44.172821045
87.944320679,36.602813721,57.088405609
88.334831238,38.120536804,38.900920868
89.397659302,35.982021332,58.327060699
88.279037476,36.551029205,61.346206665
87.694084167,36.959671021,50.502910614
87.374313354,36.987068176,44.225727081
88.585021973,36.778675079,61.900470734
17.927312851,-74.098121643,0.999982774
-4.125588894,21.767257690,1.010683298
54.139236450,11.413498878,1.013164401
40.719768524,71.816299438,1.006529212
-40.288650513,-31.966613770,1.001204967
-94.085227966,10.852362633,1.067542553
94.306182861,47.220539093,1.002784133
98.517105103,-9.129584312,0.999988437
49.494716644,-67.758346558,0.999979854
-15.598707199,28.722774506,60.781860352
-9.937588692,-94.055564880,1.000251651
-36.631477356,35.213550568,1.320863008
-20.961256027,-10.319010735,0.999982357
71.235832214,-46.121833801,1.758032322
23.186323166,69.154113770,0.999990165
61.430126190,-52.255268097,0.999979854
-89.782043457,-44.634441376,1.225389481
-64.719322205,-94.457847595,1.046449304
-39.127670288,4.162278175,1.717566848
30.063795090,-24.420953751,0.999998689
-59.143417358,13.861207008,1.000040650
50.473262787,38.990337372,1.119956136
71.396911621,-47.226596832,1.758050203
0.601966441,-2.312519312,0.999985754
-35.683483124,37.284198761,1.315861821
-73.153160095,61.029827118,1.006126165
-92.676162720,-22.364030838,0.999989510
21.464069366,-15.127182961,0.999962986
31.138429642,-92.239875793,0.999983251
73.432098389,-84.468574524,0.999978781
-42.450737000,-41.326217651,1.363492608
-97.637275696,-81.195220947,1.338284612
70.376785278,55.162967682,1.535582423
47.598697662,37.859241486,1.119957209
-85.093986511,-40.268512726,1.679338694
-98.685340881,-87.895797729,1.000024080
-92.422477722,-60.213199615,0.999985516
-88.743293762,-96.623245239,1.000003934
-51.017055511,59.770786285,1.349800348
-88.737800598,96.909843445,0.999989629
31.516647339,73.364173889,1.017118692
32.140190125,55.374748230,1.004157186
-39.844230652,-48.535060883,1.044612527
32.884994507,12.630870819,1.034059286
1.132651567,-64.548950195,1.000007629
-53.870296478,9.945022583,1.003037691
-18.016391754,92.502456665,1.284310460
10.564471245,-13.657667160,1.014069319
90.119773865,-81.677230835,0.999991715
-45.643600464,-30.721113205,1.001322389
70.700523376,53.282398224,1.447782278
-39.057163239,74.512672424,1.086389899
-87.488670349,-1.306612015,0.999990284
30.936847687,-37.561138153,0.999993682
-86.165786743,-48.567939758,1.001728773
-3.245645523,-36.378726959,1.266290069
-16.865629196,-81.375076294,0.999979615
-97.145294189,75.522529602,1.000197649
-84.377647400,-41.435085297,1.661176920
32.809074402,68.900886536,1.017749429
-35.747451782,30.413700104,1.005042553
-5.573741436,-89.797393799,1.000232935
-18.327400208,-94.030387878,0.999981403
92.838058472,52.436759949,1.003118038
-32.141532898,-53.051914215,0.999985635
-19.934566498,-36.767108917,0.999986291
-25.841117859,83.742889404,0.999981165
-19.094970703,48.279899597,0.999992788
-68.637397766,6.736215115,1.000058055
-1.253207326,18.246389389,1.025415897
35.977497101,72.203887939,1.024927735
-54.006549835,-23.693178177,0.999978244
-88.563446045,24.836256027,1.008185744
86.951980591,-20.760578156,1.090581656
94.350219727,19.575048447,0.999986351
-57.750659943,5.905805111,1.418476582
28.009109497,33.254566193,0.999984443
27.608362198,-62.077205658,0.999987781
-58.337882996,-51.707389832,1.083983541
46.598781586,-0.129095167,0.999984741
34.251113892,59.872680664,1.013247371
12.813903809,-5.771791935,0.999994516
-19.496980667,7.252573967,1.274118781
-70.084304810,57.289100647,1.464972377
82.551849365,62.473007202,1.000000715
64.379112244,65.880279541,0.999991715
-64.870178223,99.162544250,1.713548303
31.437158585,-15.814587593,1.530092120
77.604766846,16.470254898,1.000263572
98.724899292,50.414737701,1.001518965
-26.497858047,48.512443542,1.005349755
46.021995544,-37.401844025,0.999984503
76.835044861,-71.847015381,0.999992371
-26.945297241,27.254838943,0.999986827
-4.172176361,35.631179810,0.999995291
99.470733643,-84.400672913,0.999995172
51.793773651,63.484901428,0.999973893
-43.559711456,-48.968788147,1.044668555
-11.728475571,-21.228649139,1.000047088
1.563813567,-57.683158875,1.014226913
-1.239905000,62.550483704,1.000078559
76.576675415,33.352451324,0.999965966
-42.373908997,74.649024963,1.086392760
-15.754417419,-53.638561249,0.999992251
-73.080535889,92.333770752,6.162437439
-82.404167175,5.952093124,1.090873241
-59.564544678,73.656082153,0.999988437
-61.094661713,47.295951843,0.999985754
-66.976806641,87.622451782,3.494983435
32.665000916,-16.975826263,1.530123353
92.496505737,4.810172081,1.000116348
-23.185255051,-67.504898071,0.999993682
44.217864990,19.266588211,1.000775933
-55.421432495,-50.007633209,1.079461575
-55.923572540,-0.831627011,1.003421307
-90.542137146,-42.150501251,1.248291969
47.324787140,24.245981216,1.000443697
63.719230652,48.964992523,0.999991357
-95.744529724,13.913826942,1.067572117
-12.316654205,-27.739992142,1.000056624
98.476318359,31.392673492,0.999975085
-49.785984039,6.573211670,1.001945019
-80.953613281,49.054656982,0.999969184
-30.469652176,-66.223327637,1.000001073
-67.515708923,-96.954223633,1.650745630
55.576049805,45.739974976,0.999991179
-2.994821548,-38.807048798,1.304470062
-21.677669525,76.817695618,1.000032067
-75.740043640,-94.087051392,1.213084817
-56.855110168,4.137126446,1.421027780
-98.463417053,-79.147056580,1.338253617
39.572795868,-10.387428284,0.999984860
89.727790833,82.153312683,0.999995530
-44.708419800,-24.456813812,1.000106692
83.634346008,15.851518631,1.000258446
-26.055618286,60.081340790,0.999989629
84.900817871,34.698612213,4.611914635
-53.819286346,63.852104187,1.004329562
-15.894767761,39.609317780,1.003564954
-2.729276657,88.172981262,0.999968112
-86.324951172,-68.840660095,1.024537086
-61.086349487,-55.799900055,1.004503727
-52.914474487,-69.429962158,0.999987364
38.583511353,-56.368850708,0.999978542
-52.909305573,-60.522346497,0.999987781
-20.262556076,91.718620300,1.284307122
-26.643955231,-40.475162506,0.999990702
-86.280082703,-29.494493484,0.999979079
-53.560791016,52.585468292,1.040289879
-77.674339294,-71.263793945,0.999988675
-44.297939301,-42.394634247,1.363561749
69.260986328,58.256732941,1.092966199
15.727127075,-42.282264709,1.035206795
-36.224330902,18.443655014,0.999980509
47.973312378,-23.180389404,1.000197291
1.912405729,77.606628418,0.999992907
29.958171844,7.110026360,1.000180006
-85.755508423,-64.796958923,1.024554491
-59.801681519,24.629657745,0.999984324
-78.377449036,-94.201026917,1.213955998
-27.929887772,43.771835327,1.017835736
38.649871826,58.534069061,1.009102106
39.249652863,22.657115936,1.000307083
-2.767580748,-58.300334930,1.014203310
13.709610939,27.324949265,1.000031352
-75.251335144,13.029467583,1.202526927
-80.450256348,9.415360451,1.030659199
-68.216224670,-76.197288513,0.999985516
-77.379989624,82.205062866,1.000122428
19.617464066,-49.968254089,0.999992251
-85.710227966,7.236283779,1.061825871
-71.039405823,55.680587769,1.460095406
-0.778068662,45.289775848,0.999989629
-20.854681015,40.464550018,1.003591418
36.922870636,12.283241272,1.220218062
69.147926331,16.494714737,0.999989629
15.622081757,-38.403377533,1.035206199
86.301254272,3.427914381,1.000128508
-21.657068253,8.328458786,1.274131775
-70.951568604,-46.974952698,0.999985814
-38.663627625,3.031753778,1.717567325
39.102165222,-42.559509277,0.999992371
-72.846801758,11.843636513,1.202490687
70.929969788,-16.353582382,1.000006437
-4.845417976,-42.158298492,1.040574193
61.766822815,-75.867012024,0.999973238
-65.782257080,99.991325378,1.713527560
36.443149567,9.610481262,1.202148080
59.021587372,99.376487732,0.999987900
-61.825145721,58.278606415,1.000001192
-31.567583084,46.246536255,1.014593124
41.531944275,99.666007996,0.999983430
-77.625587463,-99.574920654,1.001994014
49.556892395,13.755383492,1.002766848
38.174823761,50.705005646,0.999993205
-1.298689604,-28.693094254,0.999980628
54.075176239,-23.974014282,1.000210643
24.438453674,78.681205750,0.999990046
-68.321708679,-98.218765259,1.609097600
-48.648677826,59.494388580,2.398415804
13.365128517,89.232170105,4.929652691
9.574819565,-46.843723297,0.999989629
53.177059174,31.510076523,0.999994993
64.136672974,33.599693298,0.999985099
-9.610198021,-44.583465576,1.001711488
-88.879905701,-38.412750244,1.045087695
-90.748306274,-13.994585991,0.999978304
-54.840019226,40.729522705,0.999988675
