x0,x1,weight
-125.62,-19.29,1.0
-125.55,-15.88,1.0
-124.31,-19.01,1.0
-129.71,-20.03,1.0
-125.19,-17.73,1.0
-128.07,-19.87,1.0
-123.91,-21.33,1.0
-123.85,-19.41,1.0
-124.2,-19.39,1.0
-126.82,-22.26,1.0
207.7,-223.16,1.0
210.08,-216.03,1.0
209.79,-218.32,1.0
207.66,-219.79,1.0
206.92,-216.85,1.0
208.99,-214.65,1.0
212.69,-220.54,1.0
208.12,-220.25,1.0
206.59,-215.32,1.0
208.8,-213.5,1.0
97.12,37.72,1.0
95.76,42.96,1.0
96.41,35.43,1.0
98.08,37.59,1.0
99.41,36.12,1.0
95.26,37.34,1.0
95.51,37.33,1.0
96.65,36.15,1.0
97.64,37.67,1.0
94.26,37.59,1.0
214.46,49.79,1.0
212.03,50.58,1.0
214.35,49.19,1.0
210.12,45.84,1.0
211.07,48.22,1.0
210.88,47.9,1.0
207.65,46.85,1.0
209.66,46.5,1.0
211.65,47.1,1.0
213.14,45.09,1.0
-176.05,186.57,1.0
-184.41,188.76,1.0
-184.67,188.44,1.0
-181.95,191.48,1.0
-179.38,188.46,1.0
-181.78,188.05,1.0
-180.76,186.01,1.0
-181.69,186.24,1.0
-181.92,185.87,1.0
-183.21,187.78,1.0
-182.47,-126.24,1.0
-192.95,-128.44,1.0
-186.09,-128.58,1.0
-186.24,-131.14,1.0
-187.14,-130.31,1.0
-186.46,-125.28,1.0
-188.84,-129.48,1.0
-189.55,-125.39,1.0
-189.36,-132.26,1.0
-191.5,-129.39,1.0
-72.93,88.26,1.0
-74.79,88.34,1.0
-76.15,92.21,1.0
-74.08,91.03,1.0
-74.78,87.19,1.0
-76.85,92.26,1.0
-75.56,87.16,1.0
-77.61,92.11,1.0
-77.08,90.78,1.0
-74.55,87.8,1.0
118.3,-131.97,1.0
119.82,-131.74,1.0
120.57,-132.56,1.0
119.72,-128.26,1.0
121.37,-132.41,1.0
118.29,-133.37,1.0
120.59,-132.0,1.0
120.61,-132.34,1.0
117.12,-134.97,1.0
121.64,-135.23,1.0
-141.18,16.58,1.0
-136.22,15.14,1.0
-142.81,15.94,1.0
-139.23,14.28,1.0
-135.75,17.05,1.0
-138.2,13.24,1.0
-138.3,13.99,1.0
-140.49,16.27,1.0
-140.3,16.15,1.0
-140.64,17.2,1.0
76.83,-36.91,1.0
80.1,-32.93,1.0
81.81,-33.7,1.0
82.7,-34.37,1.0
79.2,-33.94,1.0
81.39,-32.62,1.0
81.5,-35.65,1.0
81.08,-33.47,1.0
82.31,-36.43,1.0
81.88,-34.65,1.0
156.2,58.51,1.0
159.33,57.31,1.0
160.33,60.98,1.0
156.62,54.82,1.0
158.08,57.55,1.0
153.9,56.8,1.0
154.65,57.33,1.0
157.4,59.94,1.0
163.45,60.37,1.0
157.63,60.51,1.0
150.91,-27.38,1.0
154.39,-31.39,1.0
152.93,-33.34,1.0
149.38,-26.84,1.0
153.07,-28.39,1.0
154.49,-27.67,1.0
154.82,-27.07,1.0
153.87,-29.7,1.0
153.86,-26.35,1.0
152.78,-31.02,1.0
-174.37,-46.07,1.0
-174.27,-44.56,1.0
-174.24,-41.15,1.0
-176.19,-44.34,1.0
-175.53,-43.18,1.0
-173.2,-42.93,1.0
-169.77,-45.37,1.0
-176.8,-42.22,1.0
-174.25,-43.4,1.0
-179.06,-40.99,1.0
58.01,98.25,1.0
57.5,97.4,1.0
62.84,97.18,1.0
56.68,100.46,1.0
57.88,96.71,1.0
57.6,100.51,1.0
58.19,96.9,1.0
57.12,98.28,1.0
55.9,100.17,1.0
56.45,98.99,1.0
-196.11,-13.11,1.0
-196.22,-11.17,1.0
-195.09,-10.65,1.0
-193.43,-13.96,1.0
-197.54,-14.18,1.0
-195.83,-9.49,1.0
-193.39,-13.28,1.0
-195.51,-11.7,1.0
-195.85,-12.12,1.0
-196.55,-10.43,1.0
87.45,-160.88,1.0
85.05,-161.77,1.0
87.65,-161.91,1.0
83.54,-159.34,1.0
86.69,-158.16,1.0
88.12,-158.46,1.0
89.26,-159.78,1.0
90.01,-161.29,1.0
88.17,-163.55,1.0
90.04,-159.57,1.0
31.71,-45.9,1.0
32.39,-50.18,1.0
33.32,-46.0,1.0
30.09,-45.35,1.0
33.65,-47.77,1.0
31.24,-47.47,1.0
30.89,-47.63,1.0
29.2,-48.46,1.0
32.78,-46.22,1.0
30.99,-50.02,1.0
-21.92,228.97,1.0
-21.62,225.76,1.0
-20.51,225.31,1.0
-18.95,225.53,1.0
-18.37,222.12,1.0
-21.38,230.29,1.0
-23.84,224.33,1.0
-19.61,224.46,1.0
-24.85,226.63,1.0
-19.74,226.73,1.0
-59.38,-126.16,1.0
-59.71,-127.59,1.0
-63.26,-124.6,1.0
-59.35,-125.4,1.0
-57.97,-123.39,1.0
-54.71,-127.36,1.0
-59.48,-125.05,1.0
-57.54,-126.83,1.0
-57.61,-127.06,1.0
-57.32,-125.11,1.0
-146.55,-233.56,1.0
-142.16,-235.93,1.0
-138.34,-236.59,1.0
-138.42,-235.39,1.0
-139.67,-238.73,1.0
-138.15,-236.16,1.0
-138.71,-232.76,1.0
-137.59,-238.34,1.0
-139.96,-233.24,1.0
-138.5,-234.35,1.0
-34.26,-92.8,1.0
-27.22,-93.24,1.0
-29.4,-92.35,1.0
-30.65,-91.38,1.0
-31.31,-91.53,1.0
-28.56,-95.44,1.0
-31.84,-93.1,1.0
-29.78,-92.13,1.0
-29.24,-92.05,1.0
-29.58,-95.42,1.0
-5.81,154.74,1.0
-7.78,154.58,1.0
-6.57,152.46,1.0
-7.2,154.16,1.0
-5.95,152.23,1.0
-10.42,154.47,1.0
-7.87,154.87,1.0
-5.0,152.75,1.0
-7.62,152.48,1.0
-2.88,154.62,1.0
76.34,171.92,1.0
78.46,168.18,1.0
70.12,171.18,1.0
73.11,173.71,1.0
74.07,170.34,1.0
72.61,172.95,1.0
74.24,170.32,1.0
72.17,173.39,1.0
72.43,170.59,1.0
73.57,172.59,1.0
-198.02,60.12,1.0
-201.44,57.44,1.0
-199.03,58.89,1.0
-199.53,57.75,1.0
-199.25,58.53,1.0
-200.46,56.66,1.0
-199.53,58.01,1.0
-195.18,57.6,1.0
-194.62,59.54,1.0
-201.17,58.78,1.0
-139.63,132.49,1.0
-144.27,137.05,1.0
-146.16,134.15,1.0
-145.68,132.63,1.0
-143.71,135.93,1.0
-144.69,138.07,1.0
-144.63,136.39,1.0
-144.16,135.05,1.0
-142.98,134.44,1.0
-145.01,136.02,1.0
-231.52,-76.19,1.0
-233.68,-76.93,1.0
-236.42,-74.21,1.0
-229.99,-75.44,1.0
-232.9,-74.38,1.0
-235.04,-75.18,1.0
-234.66,-77.53,1.0
-234.54,-75.74,1.0
-232.18,-74.33,1.0
-233.28,-76.68,1.0
216.98,-24.61,1.0
212.03,-27.06,1.0
214.16,-28.58,1.0
215.06,-26.0,1.0
215.82,-28.19,1.0
217.13,-25.8,1.0
215.6,-26.12,1.0
213.41,-26.44,1.0
213.68,-23.56,1.0
215.14,-27.04,1.0
31.22,-111.12,1.0
33.48,-120.09,1.0
27.45,-117.43,1.0
30.43,-117.12,1.0
33.92,-119.46,1.0
31.93,-112.35,1.0
29.49,-113.87,1.0
32.32,-117.74,1.0
35.98,-116.61,1.0
27.2,-116.51,1.0
54.58,-111.8,1.0
54.06,-112.14,1.0
54.95,-112.08,1.0
50.87,-107.72,1.0
54.58,-109.65,1.0
53.94,-108.32,1.0
51.46,-112.35,1.0
52.7,-108.31,1.0
58.77,-113.26,1.0
53.67,-115.69,1.0
223.14,48.19,1.0
221.39,49.6,1.0
222.5,51.09,1.0
222.65,51.49,1.0
224.86,52.51,1.0
226.96,46.82,1.0
222.94,50.34,1.0
225.38,46.12,1.0
224.85,49.45,1.0
226.26,48.71,1.0
-0.03,-39.17,1.0
-4.59,-36.39,1.0
-0.97,-40.53,1.0
1.66,-39.07,1.0
-1.7,-43.35,1.0
0.22,-39.44,1.0
1.93,-37.97,1.0
-2.03,-43.05,1.0
-4.2,-40.91,1.0
-3.0,-41.03,1.0
-48.07,-86.4,1.0
-49.85,-87.12,1.0
-53.22,-86.0,1.0
-51.82,-83.33,1.0
-48.47,-85.79,1.0
-49.42,-86.14,1.0
-48.53,-83.44,1.0
-50.05,-87.09,1.0
-52.4,-89.15,1.0
-54.4,-89.01,1.0
-118.73,-196.54,1.0
-118.12,-199.51,1.0
-122.05,-196.32,1.0
-116.35,-197.98,1.0
-116.24,-195.59,1.0
-118.11,-200.41,1.0
-117.27,-199.52,1.0
-119.64,-198.35,1.0
-118.27,-195.45,1.0
-119.59,-200.46,1.0
-98.25,77.16,1.0
-101.82,69.76,1.0
-100.64,72.27,1.0
-98.3,73.02,1.0
-101.13,72.73,1.0
-101.5,69.66,1.0
-98.0,74.19,1.0
-100.06,68.32,1.0
-102.42,74.55,1.0
-103.15,73.82,1.0
-205.29,3.27,1.0
-206.88,1.0,1.0
-206.36,-3.61,1.0
-206.33,-1.27,1.0
-206.65,-2.72,1.0
-206.37,0.08,1.0
-209.25,-0.09,1.0
-205.85,-1.47,1.0
-204.47,-1.96,1.0
-209.2,1.59,1.0
-90.65,230.19,1.0
-96.21,232.98,1.0
-90.61,231.63,1.0
-87.56,231.23,1.0
-85.75,231.03,1.0
-89.31,235.54,1.0
-91.0,234.79,1.0
-90.31,233.06,1.0
-88.25,232.28,1.0
-88.42,232.7,1.0
102.64,101.93,1.0
100.45,99.81,1.0
101.16,102.56,1.0
101.23,98.4,1.0
99.88,97.33,1.0
98.69,99.04,1.0
96.47,100.58,1.0
98.93,99.44,1.0
100.31,98.35,1.0
100.99,100.75,1.0
22.78,231.0,1.0
25.54,227.62,1.0
22.93,229.13,1.0
28.81,231.85,1.0
26.72,233.21,1.0
25.86,230.27,1.0
27.23,227.15,1.0
24.91,227.48,1.0
23.95,229.77,1.0
27.97,230.63,1.0
227.22,195.61,1.0
223.88,189.5,1.0
226.87,193.98,1.0
227.39,191.62,1.0
223.93,193.95,1.0
227.66,194.82,1.0
226.62,193.52,1.0
228.94,191.86,1.0
228.31,192.4,1.0
224.24,196.2,1.0
-230.78,-151.76,1.0
-228.58,-150.89,1.0
-228.31,-149.48,1.0
-226.07,-148.65,1.0
-227.95,-150.31,1.0
-227.39,-148.44,1.0
-230.12,-152.71,1.0
-226.22,-152.68,1.0
-229.29,-147.2,1.0
-227.91,-150.23,1.0
-6.57,77.76,1.0
-7.28,76.53,1.0
-7.96,78.56,1.0
-5.74,79.76,1.0
-6.71,81.33,1.0
-6.95,79.63,1.0
-8.04,79.31,1.0
-7.2,80.52,1.0
-7.4,78.11,1.0
-10.11,82.64,1.0
206.61,-208.4,1.0
203.13,-208.68,1.0
202.56,-207.92,1.0
202.23,-209.3,1.0
205.95,-205.41,1.0
200.93,-205.17,1.0
205.91,-206.93,1.0
205.53,-209.62,1.0
202.92,-207.28,1.0
208.87,-207.98,1.0
162.79,113.0,1.0
168.67,111.09,1.0
164.69,109.36,1.0
166.61,108.75,1.0
163.18,107.99,1.0
165.63,108.84,1.0
168.76,108.42,1.0
164.22,111.61,1.0
165.95,107.94,1.0
164.6,112.47,1.0
3.88,-9.54,1.0
2.21,-9.61,1.0
5.52,-10.17,1.0
5.79,-6.31,1.0
4.93,-4.09,1.0
5.29,-7.95,1.0
7.67,-5.79,1.0
4.79,-10.46,1.0
2.09,-12.12,1.0
2.56,-5.44,1.0
140.2,4.14,1.0
136.87,-1.62,1.0
139.14,2.19,1.0
135.42,-2.84,1.0
138.31,0.41,1.0
137.45,2.51,1.0
136.86,-0.76,1.0
136.53,2.22,1.0
137.18,3.78,1.0
135.6,1.35,1.0
220.0,-177.35,1.0
219.52,-177.79,1.0
220.8,-174.5,1.0
218.18,-174.64,1.0
218.89,-176.9,1.0
218.05,-174.67,1.0
221.6,-178.48,1.0
216.94,-175.58,1.0
221.01,-176.71,1.0
220.49,-176.05,1.0
71.81,28.03,1.0
68.21,27.41,1.0
68.44,26.29,1.0
67.03,27.52,1.0
71.04,28.92,1.0
71.92,26.39,1.0
66.84,25.55,1.0
68.5,29.29,1.0
71.01,29.28,1.0
67.97,28.88,1.0
-130.47,8.8,1.0
-133.8,7.86,1.0
-133.83,9.88,1.0
-128.84,9.54,1.0
-133.37,6.18,1.0
-136.61,11.37,1.0
-136.8,6.36,1.0
-133.66,11.03,1.0
-130.84,12.0,1.0
-132.0,9.76,1.0
-160.24,127.48,1.0
-157.12,127.48,1.0
-155.02,129.27,1.0
-156.49,125.46,1.0
-156.99,129.07,1.0
-159.36,124.23,1.0
-160.02,124.02,1.0
-154.64,129.16,1.0
-156.84,123.72,1.0
-160.84,125.52,1.0
-149.36,160.82,1.0
-151.26,159.01,1.0
-153.68,162.99,1.0
-150.08,161.16,1.0
-151.2,160.17,1.0
-147.73,161.12,1.0
-156.76,156.73,1.0
-153.58,160.87,1.0
-150.91,161.09,1.0
-154.64,159.49,1.0
91.98,71.29,1.0
94.25,72.34,1.0
95.0,73.02,1.0
91.95,69.66,1.0
96.09,71.91,1.0
95.78,70.39,1.0
95.2,76.61,1.0
93.56,75.41,1.0
93.6,70.42,1.0
94.59,71.53,1.0
-54.82,214.75,1.0
-55.55,211.87,1.0
-58.22,209.01,1.0
-61.48,209.8,1.0
-61.32,214.31,1.0
-53.76,213.44,1.0
-60.2,213.57,1.0
-59.52,212.09,1.0
-58.81,210.78,1.0
-56.85,213.45,1.0
-103.6,-23.14,1.0
-96.76,-26.78,1.0
-98.86,-25.65,1.0
-97.68,-22.23,1.0
-101.12,-27.54,1.0
-101.07,-27.32,1.0
-100.02,-21.01,1.0
-97.44,-27.39,1.0
-97.89,-26.12,1.0
-97.04,-28.2,1.0
239.91,97.25,1.0
233.54,93.54,1.0
237.47,90.04,1.0
237.61,97.45,1.0
233.47,89.26,1.0
234.99,96.12,1.0
232.32,92.47,1.0
233.17,91.42,1.0
237.66,95.34,1.0
237.55,93.23,1.0
-69.35,68.21,1.0
-63.71,71.63,1.0
-66.68,71.61,1.0
-65.04,69.05,1.0
-62.87,69.27,1.0
-65.14,69.84,1.0
-63.67,71.82,1.0
-64.02,70.39,1.0
-64.94,72.06,1.0
-60.74,69.64,1.0
-127.63,80.88,1.0
-126.93,81.5,1.0
-124.55,82.82,1.0
-123.29,77.7,1.0
-127.04,81.53,1.0
-124.28,82.84,1.0
-126.48,78.92,1.0
-127.58,78.53,1.0
-126.95,82.74,1.0
-122.45,83.3,1.0
-105.86,-98.78,1.0
-105.69,-99.52,1.0
-107.94,-99.74,1.0
-109.06,-99.2,1.0
-107.78,-96.84,1.0
-107.1,-102.02,1.0
-110.57,-103.16,1.0
-105.57,-102.87,1.0
-110.2,-99.98,1.0
-105.02,-104.36,1.0
-237.25,126.67,1.0
-233.96,128.14,1.0
-237.97,131.94,1.0
-238.34,127.93,1.0
-240.08,126.25,1.0
-235.5,127.53,1.0
-235.78,126.8,1.0
-234.54,126.6,1.0
-238.62,130.01,1.0
-238.16,126.34,1.0
-197.77,89.47,1.0
-199.05,91.07,1.0
-197.97,89.14,1.0
-200.17,86.43,1.0
-196.8,86.74,1.0
-198.73,92.67,1.0
-200.61,88.18,1.0
-198.31,89.52,1.0
-198.46,91.39,1.0
-199.05,88.11,1.0
165.24,152.67,1.0
166.7,154.28,1.0
168.95,150.35,1.0
168.07,152.2,1.0
169.31,149.26,1.0
172.07,150.24,1.0
170.04,151.26,1.0
168.33,154.07,1.0
171.91,151.32,1.0
170.98,148.38,1.0
136.72,-162.64,1.0
136.87,-162.1,1.0
137.41,-161.8,1.0
137.48,-160.36,1.0
137.34,-165.37,1.0
136.82,-163.79,1.0
137.89,-163.46,1.0
134.29,-163.47,1.0
135.6,-165.35,1.0
139.16,-162.25,1.0
-207.44,-169.39,1.0
-207.1,-170.02,1.0
-207.92,-173.49,1.0
-204.1,-177.85,1.0
-204.93,-174.64,1.0
-206.03,-172.16,1.0
-206.36,-174.76,1.0
-201.3,-168.39,1.0
-203.05,-172.29,1.0
-204.14,-172.38,1.0
123.28,-42.46,1.0
124.02,-47.41,1.0
122.09,-45.88,1.0
123.84,-47.85,1.0
123.53,-48.73,1.0
124.48,-48.84,1.0
121.12,-47.88,1.0
121.31,-49.07,1.0
123.6,-43.8,1.0
122.32,-47.08,1.0
39.01,139.59,1.0
40.52,137.32,1.0
36.21,137.95,1.0
39.8,136.95,1.0
39.5,139.15,1.0
40.01,139.95,1.0
33.4,143.87,1.0
34.61,135.75,1.0
36.91,137.67,1.0
41.03,137.94,1.0
-106.83,72.42,1.0
-107.13,75.55,1.0
-104.76,73.51,1.0
-105.16,75.74,1.0
-109.73,73.06,1.0
-103.28,74.79,1.0
-104.36,71.64,1.0
-108.08,71.67,1.0
-104.76,71.09,1.0
-107.16,71.68,1.0
-83.4,-160.5,1.0
-86.89,-159.17,1.0
-81.89,-163.45,1.0
-80.51,-162.53,1.0
-87.34,-161.7,1.0
-81.91,-163.94,1.0
-84.69,-161.85,1.0
-84.12,-158.99,1.0
-81.23,-161.1,1.0
-85.72,-160.3,1.0
26.06,177.63,1.0
24.59,177.28,1.0
22.55,181.95,1.0
25.21,181.22,1.0
26.68,178.08,1.0
24.24,177.36,1.0
29.45,179.97,1.0
25.0,182.18,1.0
28.1,179.49,1.0
21.31,179.81,1.0
-134.58,2.79,1.0
-134.48,4.33,1.0
-132.18,2.19,1.0
-130.1,3.77,1.0
-133.97,2.07,1.0
-136.28,4.03,1.0
-130.77,2.62,1.0
-129.65,1.78,1.0
-130.71,0.74,1.0
-132.64,6.73,1.0
-87.05,-54.35,1.0
-85.54,-56.04,1.0
-80.42,-56.58,1.0
-87.25,-54.86,1.0
-83.5,-55.56,1.0
-81.76,-54.11,1.0
-89.23,-55.85,1.0
-90.42,-58.59,1.0
-88.23,-55.77,1.0
-92.24,-56.59,1.0
-160.4,227.67,1.0
-160.3,223.52,1.0
-157.24,223.8,1.0
-159.71,222.08,1.0
-161.18,223.6,1.0
-157.26,229.11,1.0
-158.82,224.56,1.0
-160.36,225.51,1.0
-160.47,221.95,1.0
-161.88,227.49,1.0
180.44,-100.91,1.0
181.27,-95.85,1.0
179.15,-95.5,1.0
185.59,-94.34,1.0
183.53,-99.16,1.0
182.2,-95.36,1.0
183.29,-98.57,1.0
185.51,-97.61,1.0
182.17,-94.13,1.0
175.84,-94.22,1.0
20.62,97.8,1.0
19.86,98.69,1.0
17.16,97.21,1.0
21.0,96.58,1.0
20.34,100.83,1.0
17.9,94.57,1.0
19.57,94.6,1.0
19.68,93.53,1.0
25.16,97.27,1.0
20.91,95.67,1.0
-60.17,65.9,1.0
-59.1,65.58,1.0
-63.32,69.1,1.0
-57.86,67.78,1.0
-63.69,69.38,1.0
-60.82,67.79,1.0
-64.67,66.1,1.0
-61.66,69.5,1.0
-61.92,65.66,1.0
-62.06,64.26,1.0
9.73,-78.78,1.0
12.3,-80.26,1.0
12.21,-81.2,1.0
13.24,-84.8,1.0
10.18,-77.72,1.0
16.01,-79.16,1.0
11.15,-85.24,1.0
16.2,-78.57,1.0
13.25,-78.49,1.0
13.18,-80.54,1.0
51.45,-230.11,1.0
53.25,-231.1,1.0
51.29,-232.43,1.0
54.84,-229.11,1.0
53.39,-230.68,1.0
52.47,-229.91,1.0
51.57,-228.32,1.0
48.97,-233.21,1.0
51.58,-233.66,1.0
51.72,-232.99,1.0
-191.25,163.09,1.0
-189.84,166.24,1.0
-189.0,165.51,1.0
-190.48,165.86,1.0
-189.86,165.26,1.0
-189.67,165.8,1.0
-189.45,164.39,1.0
-192.75,163.04,1.0
-192.27,166.74,1.0
-194.02,164.11,1.0
-145.2,-99.67,1.0
-142.58,-98.23,1.0
-144.2,-96.56,1.0
-138.13,-96.19,1.0
-146.43,-98.4,1.0
-145.22,-100.48,1.0
-143.91,-98.57,1.0
-144.67,-97.7,1.0
-147.1,-99.78,1.0
-144.62,-98.37,1.0
182.68,-133.82,1.0
188.94,-134.56,1.0
188.5,-134.86,1.0
186.83,-133.75,1.0
183.23,-135.47,1.0
190.17,-132.23,1.0
180.73,-135.15,1.0
185.96,-134.86,1.0
190.26,-131.51,1.0
186.66,-135.27,1.0
105.02,39.4,1.0
107.03,44.03,1.0
106.6,42.9,1.0
108.7,39.69,1.0
105.19,45.13,1.0
107.57,41.55,1.0
104.18,39.0,1.0
107.55,41.77,1.0
106.9,42.57,1.0
104.67,44.79,1.0
-234.45,-74.5,1.0
-238.04,-70.46,1.0
-238.72,-72.19,1.0
-237.18,-69.35,1.0
-237.16,-74.47,1.0
-235.21,-69.36,1.0
-236.52,-69.64,1.0
-237.55,-70.32,1.0
-238.48,-71.31,1.0
-237.14,-71.67,1.0
-209.69,-210.19,1.0
-211.94,-211.08,1.0
-209.41,-211.93,1.0
-208.65,-212.93,1.0
-211.89,-213.33,1.0
-211.81,-213.08,1.0
-211.69,-211.99,1.0
-212.44,-210.28,1.0
-213.18,-213.46,1.0
-212.9,-213.31,1.0
131.37,136.38,1.0
129.22,134.85,1.0
132.4,135.01,1.0
133.86,135.24,1.0
130.31,134.49,1.0
127.93,133.27,1.0
132.12,133.53,1.0
130.45,138.47,1.0
127.78,136.6,1.0
129.44,134.16,1.0
230.51,151.97,1.0
228.88,149.82,1.0
229.81,155.41,1.0
231.21,155.96,1.0
229.53,151.65,1.0
228.86,153.77,1.0
227.63,154.3,1.0
228.19,149.46,1.0
228.4,155.37,1.0
227.47,154.12,1.0
-113.49,61.39,1.0
-114.56,60.59,1.0
-107.12,59.57,1.0
-108.41,60.76,1.0
-112.62,61.75,1.0
-110.38,63.07,1.0
-111.85,59.02,1.0
-110.98,61.98,1.0
-114.88,62.12,1.0
-113.93,57.45,1.0
21.46,118.99,1.0
19.93,115.58,1.0
17.85,119.9,1.0
17.59,120.3,1.0
18.0,115.54,1.0
20.14,118.82,1.0
18.13,119.94,1.0
21.29,121.12,1.0
22.72,118.58,1.0
21.42,117.48,1.0
127.84,-38.92,1.0
126.73,-42.05,1.0
126.88,-40.9,1.0
127.5,-40.2,1.0
128.21,-39.54,1.0
122.29,-42.85,1.0
125.93,-42.76,1.0
130.04,-44.03,1.0
127.78,-44.14,1.0
134.0,-37.72,1.0
237.78,-103.72,1.0
238.98,-102.57,1.0
235.3,-103.39,1.0
237.71,-106.85,1.0
235.44,-104.6,1.0
236.35,-101.07,1.0
236.33,-102.81,1.0
236.14,-100.69,1.0
235.44,-104.41,1.0
236.14,-101.49,1.0
114.15,-145.47,1.0
115.1,-142.35,1.0
114.52,-143.97,1.0
109.09,-146.42,1.0
115.45,-143.67,1.0
114.56,-141.94,1.0
113.54,-145.55,1.0
114.36,-144.64,1.0
113.07,-145.95,1.0
110.0,-143.01,1.0
215.21,-120.1,1.0
215.59,-125.85,1.0
217.01,-124.88,1.0
214.57,-123.85,1.0
216.34,-122.69,1.0
216.26,-120.49,1.0
219.89,-118.44,1.0
214.72,-120.17,1.0
216.06,-123.93,1.0
212.75,-121.07,1.0
230.27,95.27,1.0
232.94,92.95,1.0
226.47,93.49,1.0
231.51,93.57,1.0
228.03,93.96,1.0
228.6,94.67,1.0
231.71,93.56,1.0
232.8,96.99,1.0
228.46,93.0,1.0
229.74,96.98,1.0
-90.52,199.34,1.0
-90.45,205.0,1.0
-92.03,204.59,1.0
-89.38,200.76,1.0
-89.05,205.24,1.0
-87.13,198.19,1.0
-87.34,200.42,1.0
-89.98,199.8,1.0
-88.85,198.48,1.0
-88.7,203.27,1.0
-44.01,-205.68,1.0
-37.92,-211.21,1.0
-38.83,-216.1,1.0
-40.61,-206.43,1.0
-44.67,-209.33,1.0
-38.31,-207.72,1.0
-41.6,-211.49,1.0
-39.58,-211.65,1.0
-45.26,-210.02,1.0
-39.21,-206.74,1.0
40.34,183.67,1.0
40.54,186.01,1.0
38.99,184.81,1.0
36.21,188.9,1.0
39.38,183.86,1.0
43.27,185.8,1.0
41.7,185.18,1.0
38.17,190.0,1.0
38.72,187.73,1.0
39.06,190.81,1.0
114.07,-118.06,1.0
114.87,-121.16,1.0
111.93,-121.14,1.0
110.36,-119.4,1.0
110.2,-120.79,1.0
112.52,-119.46,1.0
115.88,-122.24,1.0
114.65,-122.68,1.0
112.86,-121.97,1.0
113.5,-119.4,1.0
-214.59,75.15,1.0
-214.72,72.32,1.0
-213.74,77.79,1.0
-213.14,72.01,1.0
-213.73,75.07,1.0
-210.59,68.1,1.0
-211.1,72.59,1.0
-209.81,73.37,1.0
-213.77,70.29,1.0
-214.43,67.95,1.0
138.69,191.27,1.0
137.93,184.94,1.0
141.09,187.99,1.0
142.07,190.86,1.0
138.11,185.44,1.0
141.21,190.09,1.0
141.93,192.39,1.0
140.48,189.62,1.0
143.86,185.37,1.0
142.13,190.74,1.0
-197.33,-39.8,1.0
-199.82,-37.57,1.0
-201.03,-38.39,1.0
-197.23,-38.85,1.0
-197.71,-44.53,1.0
-201.19,-40.24,1.0
-197.36,-43.72,1.0
-198.36,-41.54,1.0
-198.54,-39.03,1.0
-201.76,-38.38,1.0
-19.12,134.43,1.0
-25.96,132.68,1.0
-27.97,133.13,1.0
-26.09,139.03,1.0
-25.25,136.66,1.0
-20.49,136.13,1.0
-22.15,129.46,1.0
-25.85,132.46,1.0
-23.31,134.24,1.0
-22.92,135.38,1.0
-184.37,-61.37,1.0
-179.89,-55.67,1.0
-188.69,-57.44,1.0
-187.39,-61.04,1.0
-184.75,-59.93,1.0
-186.61,-59.65,1.0
-185.71,-56.21,1.0
-183.55,-57.89,1.0
-187.35,-58.19,1.0
-185.86,-55.65,1.0
89.67,-239.73,1.0
89.21,-238.49,1.0
90.51,-235.7,1.0
91.2,-238.48,1.0
89.52,-237.44,1.0
94.82,-234.63,1.0
90.95,-236.55,1.0
87.82,-235.69,1.0
88.76,-237.26,1.0
87.45,-233.35,1.0
-152.77,11.72,1.0
-153.94,9.89,1.0
-153.53,10.1,1.0
-153.49,9.15,1.0
-150.98,8.09,1.0
-153.21,8.42,1.0
-151.61,6.98,1.0
-151.98,10.33,1.0
-152.37,11.04,1.0
-151.09,6.72,1.0
146.29,29.76,1.0
141.38,27.9,1.0
144.29,27.68,1.0
142.51,30.44,1.0
146.67,30.53,1.0
140.73,32.1,1.0
141.0,29.08,1.0
143.48,27.73,1.0
143.26,29.68,1.0
143.95,30.68,1.0
164.46,176.77,1.0
165.15,177.03,1.0
161.33,180.5,1.0
163.7,178.06,1.0
164.84,180.74,1.0
163.65,182.11,1.0
164.58,178.77,1.0
164.71,177.66,1.0
163.82,178.14,1.0
165.62,175.65,1.0
-217.69,-98.08,1.0
-220.17,-98.87,1.0
-219.27,-104.87,1.0
-219.79,-99.87,1.0
-220.67,-102.17,1.0
-220.02,-102.16,1.0
-222.4,-102.14,1.0
-217.11,-102.52,1.0
-218.06,-95.12,1.0
-221.46,-104.52,1.0
-107.3,54.06,1.0
-102.93,51.76,1.0
-110.55,54.33,1.0
-106.3,54.12,1.0
-104.68,53.63,1.0
-108.25,57.56,1.0
-108.9,54.4,1.0
-107.76,53.86,1.0
-108.41,55.36,1.0
-112.71,54.18,1.0
-230.04,200.46,1.0
-230.33,200.35,1.0
-230.33,200.66,1.0
-234.72,204.95,1.0
-231.15,197.38,1.0
-230.95,199.72,1.0
-230.88,203.11,1.0
-232.44,199.04,1.0
-230.69,199.49,1.0
-229.86,199.24,1.0
149.18,68.21,1.0
149.87,67.92,1.0
147.43,72.97,1.0
149.87,70.32,1.0
148.46,67.41,1.0
149.54,67.96,1.0
148.48,70.34,1.0
146.69,66.05,1.0
149.45,67.11,1.0
149.76,68.8,1.0
-62.83,210.1,1.0
-59.8,206.16,1.0
-60.55,205.87,1.0
-60.0,211.9,1.0
-60.18,208.33,1.0
-60.0,208.64,1.0
-60.3,207.08,1.0
-61.91,211.6,1.0
-62.1,208.79,1.0
-60.47,211.5,1.0
-96.56,32.08,1.0
-94.98,34.34,1.0
-95.03,37.15,1.0
-94.33,34.58,1.0
-95.88,35.79,1.0
-95.62,34.73,1.0
-92.25,33.28,1.0
-98.4,37.83,1.0
-90.91,35.59,1.0
-95.88,33.13,1.0
-62.99,166.99,1.0
-60.84,170.51,1.0
-58.97,172.31,1.0
-56.61,172.54,1.0
-58.37,171.93,1.0
-57.39,171.83,1.0
-60.23,173.63,1.0
-57.23,169.96,1.0
-57.95,172.78,1.0
-59.7,174.99,1.0
-189.28,178.44,1.0
-186.49,176.28,1.0
-184.11,177.34,1.0
-188.83,176.32,1.0
-187.01,173.41,1.0
-185.14,173.97,1.0
-187.83,174.38,1.0
-190.53,175.21,1.0
-186.51,173.45,1.0
-189.65,174.58,1.0
225.13,-200.22,1.0
223.34,-196.83,1.0
226.81,-199.47,1.0
224.74,-196.51,1.0
222.9,-196.2,1.0
230.19,-197.37,1.0
220.0,-196.12,1.0
223.96,-196.75,1.0
222.9,-194.79,1.0
228.42,-195.3,1.0
-123.83,191.18,1.0
-121.16,193.17,1.0
-119.23,194.15,1.0
-124.27,196.47,1.0
-124.62,194.94,1.0
-127.48,193.96,1.0
-124.87,194.51,1.0
-119.49,190.78,1.0
-123.24,196.33,1.0
-119.31,195.62,1.0
9.0,75.43,1.0
6.92,75.96,1.0
5.72,78.94,1.0
1.64,73.8,1.0
5.11,76.47,1.0
7.33,73.47,1.0
8.21,79.72,1.0
6.44,73.7,1.0
5.85,73.51,1.0
5.06,77.38,1.0
123.32,150.85,1.0
123.47,152.48,1.0
122.67,154.07,1.0
123.7,148.57,1.0
123.95,148.88,1.0
122.45,150.88,1.0
123.03,153.18,1.0
123.88,156.07,1.0
123.04,154.24,1.0
122.61,151.13,1.0
212.69,-163.1,1.0
210.53,-169.97,1.0
215.13,-163.89,1.0
214.33,-165.39,1.0
216.68,-164.35,1.0
215.05,-166.21,1.0
212.02,-168.03,1.0
215.9,-166.65,1.0
211.35,-165.1,1.0
212.45,-167.6,1.0
73.53,-163.06,1.0
76.36,-165.74,1.0
73.33,-162.58,1.0
74.23,-163.83,1.0
74.38,-162.99,1.0
75.61,-164.74,1.0
74.39,-160.93,1.0
74.29,-163.86,1.0
72.72,-163.79,1.0
74.09,-165.08,1.0
187.76,-81.53,1.0
186.83,-80.42,1.0
189.69,-86.49,1.0
189.37,-82.88,1.0
187.31,-87.08,1.0
188.96,-82.96,1.0
189.69,-81.18,1.0
187.85,-82.07,1.0
186.28,-82.32,1.0
188.61,-85.49,1.0
-207.79,181.17,1.0
-208.73,178.57,1.0
-202.38,178.29,1.0
-203.39,177.89,1.0
-204.74,180.82,1.0
-209.07,177.7,1.0
-209.77,181.12,1.0
-209.58,175.87,1.0
-208.21,178.32,1.0
-208.78,178.91,1.0
-17.77,62.05,1.0
-22.69,66.38,1.0
-18.88,66.21,1.0
-18.52,61.63,1.0
-21.26,61.98,1.0
-15.68,65.5,1.0
-19.22,65.85,1.0
-17.3,62.74,1.0
-20.46,66.74,1.0
-21.51,66.94,1.0
-14.85,43.27,1.0
-18.47,46.58,1.0
-13.34,42.46,1.0
-14.2,39.23,1.0
-18.94,44.65,1.0
-17.46,38.51,1.0
-16.04,45.03,1.0
-19.09,42.21,1.0
-15.62,42.86,1.0
-16.76,39.96,1.0
-146.93,230.23,1.0
-144.29,236.16,1.0
-145.41,229.89,1.0
-145.07,232.87,1.0
-142.25,230.94,1.0
-141.5,230.18,1.0
-142.56,229.59,1.0
-144.03,227.39,1.0
-145.12,232.26,1.0
-144.11,232.11,1.0
-99.46,98.17,1.0
-98.01,97.52,1.0
-94.49,95.32,1.0
-98.16,96.22,1.0
-97.48,96.37,1.0
-101.49,95.28,1.0
-97.67,98.34,1.0
-93.01,98.5,1.0
-96.54,97.82,1.0
-97.24,95.34,1.0
24.0,2.89,1.0
25.49,3.32,1.0
24.74,-2.11,1.0
22.88,-0.7,1.0
20.51,2.98,1.0
20.28,3.49,1.0
24.76,1.09,1.0
22.96,7.02,1.0
21.02,2.63,1.0
21.95,1.54,1.0
-226.04,217.96,1.0
-223.54,220.23,1.0
-224.02,218.12,1.0
-226.53,219.42,1.0
-226.52,216.04,1.0
-223.26,219.89,1.0
-222.73,219.84,1.0
-226.2,219.68,1.0
-218.24,217.38,1.0
-225.03,219.07,1.0
-190.48,-39.68,1.0
-191.17,-43.23,1.0
-190.07,-44.17,1.0
-198.36,-43.06,1.0
-192.93,-44.96,1.0
-189.09,-44.02,1.0
-189.54,-45.68,1.0
-192.22,-42.36,1.0
-188.61,-42.99,1.0
-192.44,-45.66,1.0
-35.82,238.22,1.0
-36.93,234.96,1.0
-32.67,237.53,1.0
-34.55,237.8,1.0
-31.38,234.56,1.0
-34.07,236.71,1.0
-39.43,238.49,1.0
-31.62,232.84,1.0
-33.87,240.59,1.0
-34.53,237.65,1.0
-237.04,-184.36,1.0
-232.42,-183.12,1.0
-232.67,-184.35,1.0
-234.1,-185.25,1.0
-239.37,-184.15,1.0
-236.08,-184.88,1.0
-240.3,-183.14,1.0
-235.33,-181.89,1.0
-236.63,-186.68,1.0
-233.27,-187.63,1.0
-36.05,-92.67,1.0
-35.95,-91.41,1.0
-34.79,-91.26,1.0
-37.72,-90.22,1.0
-35.56,-91.12,1.0
-37.4,-92.24,1.0
-32.4,-90.16,1.0
-41.3,-93.96,1.0
-35.07,-89.38,1.0
-37.22,-89.43,1.0
-19.77,113.45,1.0
-25.14,105.38,1.0
-23.83,108.14,1.0
-24.49,105.79,1.0
-23.66,108.48,1.0
-19.69,109.53,1.0
-25.32,105.8,1.0
-21.8,109.67,1.0
-22.28,112.63,1.0
-22.17,110.45,1.0
19.04,240.49,1.0
18.39,240.47,1.0
20.05,241.9,1.0
22.23,240.85,1.0
18.94,238.56,1.0
19.85,242.1,1.0
20.69,240.39,1.0
20.16,239.08,1.0
22.32,243.12,1.0
20.19,241.42,1.0
-237.07,33.67,1.0
-234.53,33.01,1.0
-236.64,31.01,1.0
-234.27,30.45,1.0
-233.2,32.37,1.0
-235.83,32.76,1.0
-235.95,30.76,1.0
-240.13,28.99,1.0
-228.72,33.12,1.0
-235.22,33.89,1.0
111.91,-4.81,1.0
108.72,-2.37,1.0
111.08,-4.87,1.0
112.21,-6.46,1.0
110.37,-7.42,1.0
112.41,-1.35,1.0
109.02,-3.36,1.0
115.81,-2.19,1.0
110.0,-4.79,1.0
106.26,-6.56,1.0
86.99,148.81,1.0
95.03,149.29,1.0
88.5,148.46,1.0
91.66,152.38,1.0
92.43,150.62,1.0
90.84,149.75,1.0
90.46,149.96,1.0
95.18,152.05,1.0
90.93,148.93,1.0
91.54,151.45,1.0
-58.08,-157.18,1.0
-61.06,-160.0,1.0
-57.66,-155.47,1.0
-58.61,-155.42,1.0
-58.58,-154.24,1.0
-56.77,-156.52,1.0
-57.06,-160.69,1.0
-55.61,-157.23,1.0
-55.58,-150.99,1.0
-57.16,-155.52,1.0
-8.69,11.42,1.0
-8.37,8.82,1.0
-6.8,9.74,1.0
-6.27,11.18,1.0
-7.44,11.0,1.0
-5.2,14.69,1.0
-8.43,10.41,1.0
-6.71,13.93,1.0
-11.23,11.72,1.0
-8.6,13.79,1.0
72.01,33.67,1.0
72.0,38.35,1.0
72.55,37.93,1.0
74.44,38.62,1.0
69.76,39.69,1.0
74.26,33.28,1.0
76.06,35.37,1.0
75.34,34.79,1.0
73.01,34.23,1.0
72.34,40.15,1.0
211.21,89.45,1.0
212.31,94.13,1.0
211.28,89.09,1.0
209.09,93.18,1.0
209.8,93.28,1.0
213.73,92.87,1.0
205.0,90.3,1.0
210.1,93.47,1.0
212.14,92.28,1.0
209.25,92.56,1.0
-163.95,-100.98,1.0
-170.9,-106.19,1.0
-169.56,-97.78,1.0
-166.84,-102.62,1.0
-170.91,-100.42,1.0
-169.68,-102.82,1.0
-169.69,-99.53,1.0
-169.94,-101.0,1.0
-168.94,-100.05,1.0
-170.78,-102.64,1.0
234.3,56.2,1.0
233.0,53.32,1.0
237.37,51.15,1.0
234.25,55.21,1.0
234.92,50.88,1.0
236.58,51.32,1.0
237.07,54.1,1.0
231.41,49.6,1.0
234.16,54.03,1.0
232.92,55.22,1.0
135.67,138.11,1.0
129.56,137.0,1.0
132.71,142.22,1.0
135.47,141.92,1.0
133.21,135.84,1.0
131.67,138.48,1.0
130.44,140.32,1.0
134.7,139.35,1.0
132.48,140.21,1.0
134.18,137.41,1.0
91.73,-183.34,1.0
94.78,-185.66,1.0
89.77,-188.37,1.0
95.28,-188.27,1.0
90.92,-187.29,1.0
91.54,-187.85,1.0
92.81,-188.54,1.0
91.78,-188.09,1.0
94.93,-187.92,1.0
95.69,-186.08,1.0
-129.11,148.62,1.0
-130.02,149.59,1.0
-127.35,146.66,1.0
-127.46,149.84,1.0
-129.11,147.38,1.0
-132.23,148.85,1.0
-130.5,151.54,1.0
-126.66,148.39,1.0
-127.92,149.78,1.0
-125.8,147.69,1.0
154.32,113.08,1.0
153.62,112.48,1.0
150.66,111.53,1.0
154.21,114.74,1.0
151.77,113.08,1.0
155.27,110.74,1.0
155.22,114.4,1.0
151.71,114.98,1.0
155.97,109.38,1.0
154.19,111.23,1.0
225.5,-92.56,1.0
230.04,-93.73,1.0
229.71,-95.62,1.0
227.63,-92.55,1.0
225.93,-94.3,1.0
228.39,-91.84,1.0
226.7,-97.82,1.0
227.11,-94.23,1.0
229.46,-92.95,1.0
229.09,-92.0,1.0
7.62,74.63,1.0
5.12,70.14,1.0
1.07,76.02,1.0
5.62,69.37,1.0
5.85,74.22,1.0
3.47,71.77,1.0
8.12,72.35,1.0
3.89,71.07,1.0
8.49,72.48,1.0
5.8,74.58,1.0
186.5,214.84,1.0
187.94,215.17,1.0
189.94,214.64,1.0
191.77,213.37,1.0
194.1,218.31,1.0
190.04,212.9,1.0
187.85,211.64,1.0
192.66,216.81,1.0
186.08,215.47,1.0
190.16,213.2,1.0
99.81,-237.49,1.0
101.25,-234.22,1.0
99.99,-233.99,1.0
102.5,-234.59,1.0
102.53,-235.57,1.0
100.63,-233.15,1.0
102.1,-233.39,1.0
98.49,-238.97,1.0
101.98,-237.03,1.0
103.65,-235.16,1.0
113.71,-38.76,1.0
116.15,-41.75,1.0
116.97,-41.43,1.0
116.3,-42.32,1.0
117.89,-37.65,1.0
121.35,-41.29,1.0
117.42,-43.08,1.0
117.84,-42.36,1.0
117.05,-40.51,1.0
117.57,-42.97,1.0
2.55,133.01,1.0
7.21,132.2,1.0
4.97,134.28,1.0
6.68,134.43,1.0
10.09,130.77,1.0
7.11,131.7,1.0
6.47,132.78,1.0
6.74,132.09,1.0
6.64,134.89,1.0
6.51,136.48,1.0
104.38,-214.52,1.0
105.28,-211.08,1.0
105.48,-215.83,1.0
103.18,-214.01,1.0
106.81,-213.81,1.0
107.29,-212.98,1.0
104.4,-214.69,1.0
105.22,-214.7,1.0
108.8,-213.32,1.0
104.42,-213.88,1.0
181.14,238.5,1.0
181.98,235.4,1.0
179.98,238.11,1.0
186.1,234.93,1.0
181.66,234.25,1.0
182.23,235.51,1.0
181.02,236.51,1.0
181.27,240.33,1.0
178.98,235.02,1.0
180.4,239.87,1.0
8.14,-180.8,1.0
7.75,-184.15,1.0
10.1,-182.3,1.0
11.02,-179.79,1.0
7.0,-185.9,1.0
4.97,-185.03,1.0
8.88,-182.6,1.0
7.68,-185.7,1.0
5.27,-185.28,1.0
12.97,-185.72,1.0
238.95,193.97,1.0
238.73,192.68,1.0
236.76,190.96,1.0
236.97,192.47,1.0
236.23,195.94,1.0
237.41,191.33,1.0
238.65,188.19,1.0
239.75,195.68,1.0
242.85,192.33,1.0
237.58,197.09,1.0
132.24,194.12,1.0
129.73,196.58,1.0
130.39,196.68,1.0
130.95,197.64,1.0
128.44,195.33,1.0
125.74,195.91,1.0
129.8,195.73,1.0
128.71,196.96,1.0
129.85,196.15,1.0
130.36,195.84,1.0
-132.61,89.98,1.0
-129.75,88.09,1.0
-133.57,86.79,1.0
-133.63,89.13,1.0
-128.97,86.05,1.0
-131.47,90.86,1.0
-130.22,89.29,1.0
-130.15,87.78,1.0
-130.32,87.82,1.0
-129.35,89.05,1.0
64.34,-105.01,1.0
62.73,-110.8,1.0
64.68,-106.16,1.0
65.12,-108.09,1.0
67.47,-108.85,1.0
62.99,-108.0,1.0
62.27,-105.78,1.0
62.89,-105.95,1.0
64.46,-107.94,1.0
64.2,-107.31,1.0
-102.42,36.18,1.0
-100.03,36.77,1.0
-104.04,33.91,1.0
-104.49,36.84,1.0
-103.05,33.83,1.0
-101.87,35.98,1.0
-99.62,32.02,1.0
-99.41,34.27,1.0
-99.09,34.5,1.0
-101.01,38.01,1.0
21.43,-22.19,1.0
19.27,-23.26,1.0
19.17,-23.51,1.0
21.26,-19.0,1.0
21.69,-23.9,1.0
18.92,-22.53,1.0
22.39,-23.36,1.0
20.91,-24.18,1.0
21.29,-25.61,1.0
24.18,-22.41,1.0
-134.1,-33.26,1.0
-135.16,-30.74,1.0
-133.69,-34.98,1.0
-138.42,-35.19,1.0
-131.41,-34.37,1.0
-135.99,-32.49,1.0
-134.08,-33.38,1.0
-135.31,-34.98,1.0
-134.64,-31.73,1.0
-136.49,-31.96,1.0
210.52,140.38,1.0
206.9,136.39,1.0
208.99,136.52,1.0
210.91,137.07,1.0
210.26,138.74,1.0
209.74,140.07,1.0
212.81,137.21,1.0
210.18,138.44,1.0
206.63,139.77,1.0
205.4,139.34,1.0
229.85,-26.34,1.0
234.94,-30.44,1.0
232.19,-27.98,1.0
232.83,-27.67,1.0
235.52,-25.9,1.0
232.4,-28.92,1.0
235.48,-24.76,1.0
233.32,-28.16,1.0
235.56,-23.04,1.0
233.62,-26.86,1.0
-165.93,-221.17,1.0
-170.81,-221.61,1.0
-165.71,-221.13,1.0
-169.82,-223.55,1.0
-168.54,-223.14,1.0
-168.02,-223.71,1.0
-165.05,-219.84,1.0
-167.36,-223.47,1.0
-169.48,-220.8,1.0
-169.11,-223.16,1.0
51.91,23.57,1.0
56.54,22.4,1.0
50.47,23.14,1.0
50.19,21.63,1.0
51.62,22.61,1.0
54.82,23.83,1.0
49.74,19.36,1.0
50.82,18.42,1.0
52.99,18.91,1.0
50.47,20.77,1.0
120.47,-57.91,1.0
120.28,-60.34,1.0
115.86,-62.32,1.0
114.95,-60.97,1.0
114.96,-61.09,1.0
115.96,-59.64,1.0
116.86,-54.38,1.0
119.56,-57.96,1.0
120.74,-64.2,1.0
118.75,-63.77,1.0
-6.73,41.4,1.0
-6.92,38.28,1.0
-8.17,42.49,1.0
-6.82,42.66,1.0
-12.25,42.15,1.0
-11.8,43.46,1.0
-8.78,41.19,1.0
-7.68,41.76,1.0
-10.71,45.35,1.0
-10.12,41.66,1.0
-73.7,3.59,1.0
-78.18,5.18,1.0
-77.01,8.04,1.0
-80.04,6.73,1.0
-78.36,4.46,1.0
-80.92,3.0,1.0
-77.35,4.6,1.0
-76.65,4.48,1.0
-79.32,4.69,1.0
-81.23,7.11,1.0
142.04,-144.04,1.0
140.55,-144.43,1.0
142.53,-143.08,1.0
139.53,-144.75,1.0
134.66,-140.62,1.0
140.51,-141.73,1.0
139.16,-141.71,1.0
142.62,-144.52,1.0
137.91,-141.62,1.0
138.35,-144.27,1.0
187.12,-133.55,1.0
187.54,-135.39,1.0
185.96,-132.46,1.0
182.82,-133.26,1.0
184.03,-132.14,1.0
185.26,-134.43,1.0
184.69,-133.11,1.0
187.34,-132.98,1.0
184.98,-130.38,1.0
188.65,-135.03,1.0
-45.48,-33.68,1.0
-44.83,-33.51,1.0
-51.29,-34.91,1.0
-41.25,-38.47,1.0
-42.31,-32.32,1.0
-41.02,-32.3,1.0
-47.67,-35.94,1.0
-42.22,-32.92,1.0
-43.33,-35.23,1.0
-45.31,-35.23,1.0
-206.15,70.2,1.0
-201.4,68.35,1.0
-206.77,67.79,1.0
-202.8,71.47,1.0
-202.17,72.77,1.0
-202.97,73.24,1.0
-205.8,66.04,1.0
-203.14,71.1,1.0
-204.97,71.47,1.0
-201.42,71.14,1.0
82.22,61.2,1.0
80.05,59.28,1.0
78.94,59.65,1.0
76.6,60.62,1.0
76.87,60.15,1.0
76.39,59.21,1.0
75.03,64.1,1.0
78.32,58.97,1.0
77.38,58.37,1.0
77.98,59.64,1.0
212.88,-197.77,1.0
211.53,-198.59,1.0
210.09,-195.23,1.0
208.06,-195.56,1.0
210.72,-194.46,1.0
210.52,-195.77,1.0
209.91,-198.01,1.0
211.96,-197.03,1.0
208.76,-197.64,1.0
212.05,-195.58,1.0
-107.91,-110.96,1.0
-103.97,-113.3,1.0
-106.29,-113.28,1.0
-103.72,-112.56,1.0
-106.36,-110.52,1.0
-107.96,-111.58,1.0
-108.34,-113.21,1.0
-102.94,-110.8,1.0
-104.0,-109.51,1.0
-109.04,-112.67,1.0
149.96,-20.7,1.0
149.86,-19.5,1.0
147.75,-21.8,1.0
149.19,-22.68,1.0
149.87,-21.08,1.0
148.92,-22.66,1.0
148.35,-22.46,1.0
148.43,-21.38,1.0
153.62,-23.32,1.0
149.5,-21.05,1.0
208.88,17.09,1.0
211.82,15.25,1.0
209.13,19.34,1.0
207.12,15.86,1.0
211.94,15.26,1.0
208.51,15.04,1.0
210.34,17.21,1.0
206.85,17.08,1.0
209.75,18.66,1.0
208.03,16.95,1.0
-126.95,237.65,1.0
-128.79,235.21,1.0
-126.31,236.4,1.0
-123.98,234.51,1.0
-127.16,233.47,1.0
-128.18,235.9,1.0
-124.06,233.38,1.0
-124.48,234.64,1.0
-125.63,235.89,1.0
-128.8,236.06,1.0
-209.4,-141.85,1.0
-210.67,-148.06,1.0
-211.25,-147.5,1.0
-209.74,-146.84,1.0
-209.63,-148.53,1.0
-210.5,-145.73,1.0
-209.47,-147.6,1.0
-208.45,-148.76,1.0
-208.92,-145.92,1.0
-209.62,-147.31,1.0
176.25,183.46,1.0
172.75,179.56,1.0
175.59,184.49,1.0
172.65,185.3,1.0
173.12,185.77,1.0
174.65,181.7,1.0
172.74,178.78,1.0
177.13,183.03,1.0
172.51,181.77,1.0
175.18,184.34,1.0
163.32,-224.48,1.0
161.07,-221.78,1.0
164.0,-220.13,1.0
163.19,-219.79,1.0
161.47,-221.71,1.0
162.56,-223.6,1.0
160.99,-218.8,1.0
162.62,-219.09,1.0
160.42,-220.81,1.0
162.8,-224.68,1.0
40.22,-95.91,1.0
39.68,-94.08,1.0
41.5,-94.72,1.0
39.56,-93.17,1.0
41.25,-94.31,1.0
37.22,-93.49,1.0
35.15,-93.13,1.0
40.05,-91.63,1.0
43.89,-90.97,1.0
42.52,-93.02,1.0
224.24,17.26,1.0
220.94,16.16,1.0
220.23,13.8,1.0
221.71,13.53,1.0
224.11,16.06,1.0
224.05,12.94,1.0
223.1,12.34,1.0
222.21,15.5,1.0
222.28,17.24,1.0
220.66,15.26,1.0
-119.0,75.98,1.0
-120.52,76.41,1.0
-123.68,77.58,1.0
-117.77,76.0,1.0
-121.69,74.01,1.0
-119.74,78.52,1.0
-120.61,78.54,1.0
-121.33,76.8,1.0
-120.87,74.49,1.0
-120.4,77.28,1.0
188.72,144.25,1.0
195.67,141.75,1.0
194.74,143.14,1.0
192.81,146.81,1.0
195.54,143.2,1.0
190.39,137.5,1.0
192.18,146.8,1.0
192.12,144.24,1.0
191.32,141.38,1.0
191.9,141.01,1.0
-190.02,211.03,1.0
-189.18,212.31,1.0
-192.47,211.23,1.0
-190.08,210.91,1.0
-193.09,212.6,1.0
-196.55,208.28,1.0
-189.96,211.88,1.0
-188.97,210.17,1.0
-191.1,211.38,1.0
-191.93,211.87,1.0
98.65,91.82,1.0
97.85,94.5,1.0
94.77,92.53,1.0
100.31,94.02,1.0
97.73,93.1,1.0
96.79,99.35,1.0
96.93,91.3,1.0
102.95,95.11,1.0
101.86,94.9,1.0
97.61,97.15,1.0
205.34,-209.93,1.0
201.74,-212.12,1.0
196.87,-210.13,1.0
200.72,-212.29,1.0
204.0,-209.88,1.0
203.73,-210.23,1.0
202.03,-210.7,1.0
202.01,-208.97,1.0
202.87,-209.32,1.0
203.14,-207.47,1.0
-43.83,48.93,1.0
-41.63,46.63,1.0
-41.7,51.84,1.0
-43.46,50.6,1.0
-44.0,47.95,1.0
-44.49,49.07,1.0
-41.02,48.06,1.0
-46.38,50.11,1.0
-44.97,46.89,1.0
-42.14,48.69,1.0
48.34,163.06,1.0
51.43,162.43,1.0
48.65,167.56,1.0
50.09,167.58,1.0
48.12,163.89,1.0
52.21,169.34,1.0
50.92,164.11,1.0
50.7,165.97,1.0
49.57,162.44,1.0
47.14,164.68,1.0
44.73,12.27,1.0
45.46,10.64,1.0
45.83,13.86,1.0
45.19,11.79,1.0
43.94,12.16,1.0
44.55,11.21,1.0
43.08,14.0,1.0
47.29,14.99,1.0
43.42,13.13,1.0
42.82,12.8,1.0
-79.54,161.74,1.0
-76.72,164.12,1.0
-82.85,167.43,1.0
-77.1,165.12,1.0
-80.61,167.23,1.0
-83.26,163.98,1.0
-78.7,164.65,1.0
-81.08,164.62,1.0
-74.63,165.74,1.0
-81.94,159.59,1.0
-220.1,-98.93,1.0
-226.15,-97.22,1.0
-222.51,-101.75,1.0
-225.28,-101.29,1.0
-226.73,-99.3,1.0
-223.77,-98.83,1.0
-225.2,-99.14,1.0
-222.91,-96.48,1.0
-222.46,-99.11,1.0
-229.11,-95.84,1.0
224.92,-17.76,1.0
227.35,-17.64,1.0
232.59,-15.98,1.0
229.05,-16.1,1.0
224.0,-18.11,1.0
224.78,-18.46,1.0
230.83,-13.58,1.0
226.63,-10.9,1.0
225.38,-15.83,1.0
226.77,-14.79,1.0
-221.83,169.0,1.0
-224.88,169.73,1.0
-225.3,169.09,1.0
-221.46,169.72,1.0
-223.77,169.71,1.0
-227.64,167.58,1.0
-223.02,170.85,1.0
-223.27,169.78,1.0
-226.53,166.72,1.0
-223.61,172.46,1.0
21.5,31.08,1.0
15.07,28.88,1.0
15.87,28.87,1.0
17.81,28.27,1.0
20.65,29.17,1.0
20.74,26.88,1.0
18.32,29.54,1.0
21.24,28.3,1.0
21.23,28.6,1.0
22.42,25.28,1.0
-101.71,-145.22,1.0
-102.23,-148.4,1.0
-99.83,-146.32,1.0
-102.03,-144.4,1.0
-103.6,-144.17,1.0
-101.44,-145.79,1.0
-105.52,-146.5,1.0
-100.54,-148.21,1.0
-102.39,-144.06,1.0
-105.75,-145.96,1.0
27.09,-76.14,1.0
25.05,-76.31,1.0
24.11,-77.67,1.0
26.23,-80.41,1.0
23.96,-78.49,1.0
27.93,-78.35,1.0
25.06,-77.11,1.0
24.26,-76.54,1.0
24.89,-76.57,1.0
31.24,-79.62,1.0
-227.51,105.9,1.0
-225.71,104.2,1.0
-232.45,106.88,1.0
-226.32,105.07,1.0
-231.32,107.06,1.0
-228.45,109.33,1.0
-227.87,106.09,1.0
-229.23,103.66,1.0
-228.21,107.87,1.0
-228.67,102.87,1.0
-151.43,88.12,1.0
-150.25,92.73,1.0
-149.52,90.58,1.0
-148.16,89.46,1.0
-147.83,89.52,1.0
-149.52,85.32,1.0
-147.71,91.85,1.0
-149.11,94.1,1.0
-152.42,89.92,1.0
-148.05,86.53,1.0
-232.66,84.77,1.0
-230.43,81.0,1.0
-233.95,85.06,1.0
-233.55,81.54,1.0
-235.73,82.19,1.0
-233.45,82.13,1.0
-231.72,82.69,1.0
-232.14,83.64,1.0
-232.44,85.81,1.0
-231.3,84.58,1.0
144.09,-171.12,1.0
139.48,-169.0,1.0
144.7,-172.34,1.0
143.46,-174.62,1.0
145.48,-170.74,1.0
145.34,-171.86,1.0
140.99,-173.8,1.0
144.56,-168.25,1.0
144.13,-175.3,1.0
143.02,-173.69,1.0
-3.01,193.33,1.0
-1.06,190.98,1.0
-0.67,190.67,1.0
-2.67,191.48,1.0
-3.1,192.75,1.0
-2.13,190.42,1.0
-0.48,193.48,1.0
-0.38,187.44,1.0
-3.38,190.39,1.0
-0.75,194.62,1.0
-193.87,-102.06,1.0
-196.75,-103.0,1.0
-199.82,-104.93,1.0
-201.4,-104.75,1.0
-200.81,-104.87,1.0
-196.37,-103.82,1.0
-198.52,-105.09,1.0
-200.65,-104.22,1.0
-198.84,-103.9,1.0
-194.51,-105.18,1.0
114.5,-25.2,1.0
117.52,-19.51,1.0
113.19,-21.02,1.0
120.3,-20.14,1.0
112.52,-20.66,1.0
118.28,-19.92,1.0
117.31,-19.77,1.0
117.55,-22.06,1.0
114.34,-17.71,1.0
113.96,-20.73,1.0
139.33,-6.23,1.0
139.19,-0.6,1.0
139.4,-1.3,1.0
139.37,1.31,1.0
142.76,-2.76,1.0
137.35,0.11,1.0
136.44,-2.46,1.0
140.11,-1.71,1.0
137.69,-3.51,1.0
139.7,-1.71,1.0
-229.12,-229.51,1.0
-230.48,-227.65,1.0
-228.6,-226.02,1.0
-229.46,-226.37,1.0
-225.2,-226.34,1.0
-231.11,-229.32,1.0
-228.26,-228.51,1.0
-229.63,-229.06,1.0
-229.82,-227.02,1.0
-229.25,-231.67,1.0
94.79,-201.31,1.0
99.25,-198.78,1.0
96.55,-197.75,1.0
101.64,-198.35,1.0
98.56,-199.7,1.0
97.56,-197.47,1.0
97.04,-196.83,1.0
100.36,-199.95,1.0
99.45,-202.35,1.0
100.88,-196.0,1.0
31.8,-182.06,1.0
31.32,-184.53,1.0
32.61,-185.87,1.0
34.49,-188.06,1.0
30.93,-183.83,1.0
32.63,-185.66,1.0
35.52,-188.9,1.0
33.24,-186.52,1.0
33.19,-186.78,1.0
34.27,-185.1,1.0
-124.61,228.82,1.0
-122.87,225.11,1.0
-128.2,232.3,1.0
-128.57,225.72,1.0
-123.55,224.5,1.0
-122.9,226.66,1.0
-120.94,228.43,1.0
-124.52,228.31,1.0
-120.94,227.28,1.0
-124.92,229.05,1.0
137.17,97.45,1.0
138.18,95.52,1.0
137.31,97.56,1.0
137.6,91.17,1.0
136.35,94.34,1.0
137.72,99.23,1.0
139.83,94.64,1.0
134.56,97.58,1.0
138.95,96.52,1.0
137.69,96.55,1.0
237.98,-100.41,1.0
238.36,-102.69,1.0
234.51,-102.34,1.0
237.26,-99.9,1.0
233.23,-103.19,1.0
237.78,-102.11,1.0
237.65,-101.25,1.0
235.81,-99.75,1.0
235.81,-105.32,1.0
235.91,-100.88,1.0
-223.03,-107.82,1.0
-220.76,-109.15,1.0
-220.94,-108.84,1.0
-220.43,-106.97,1.0
-217.4,-106.47,1.0
-219.51,-106.85,1.0
-222.1,-108.82,1.0
-224.38,-106.51,1.0
-219.19,-107.28,1.0
-218.29,-109.41,1.0
71.77,-219.9,1.0
68.18,-217.3,1.0
67.48,-218.91,1.0
65.9,-218.78,1.0
70.3,-218.56,1.0
68.45,-215.7,1.0
68.22,-218.94,1.0
65.91,-220.32,1.0
71.99,-217.35,1.0
69.76,-223.71,1.0
69.1,62.59,1.0
67.96,60.78,1.0
64.68,58.96,1.0
69.28,59.84,1.0
65.65,58.98,1.0
66.49,62.44,1.0
64.77,55.9,1.0
65.36,58.36,1.0
66.32,57.09,1.0
63.47,57.58,1.0
-131.46,-207.25,1.0
-135.83,-203.81,1.0
-138.08,-204.73,1.0
-135.79,-200.92,1.0
-134.56,-206.1,1.0
-138.98,-205.18,1.0
-137.56,-203.75,1.0
-135.4,-206.36,1.0
-135.28,-206.22,1.0
-139.14,-206.71,1.0
-158.58,-19.52,1.0
-163.33,-17.55,1.0
-160.09,-19.36,1.0
-162.03,-20.78,1.0
-162.85,-19.76,1.0
-164.0,-20.9,1.0
-162.72,-20.38,1.0
-161.37,-22.09,1.0
-161.64,-18.19,1.0
-163.71,-18.43,1.0
-111.41,-23.71,1.0
-112.43,-20.79,1.0
-113.51,-22.25,1.0
-113.18,-22.89,1.0
-112.17,-20.93,1.0
-110.25,-21.94,1.0
-115.25,-18.35,1.0
-111.36,-20.87,1.0
-108.34,-21.4,1.0
-113.91,-17.28,1.0
56.68,-124.6,1.0
59.49,-120.89,1.0
57.25,-121.58,1.0
60.88,-122.91,1.0
61.67,-123.12,1.0
59.71,-122.2,1.0
59.79,-126.4,1.0
57.05,-125.11,1.0
59.8,-122.34,1.0
60.74,-124.29,1.0
-80.76,229.74,1.0
-81.16,230.06,1.0
-77.6,226.28,1.0
-79.03,229.13,1.0
-80.79,231.43,1.0
-81.15,227.63,1.0
-79.98,226.34,1.0
-82.54,227.02,1.0
-79.43,226.44,1.0
-78.38,226.78,1.0
-44.82,41.83,1.0
-45.51,40.14,1.0
-44.51,39.41,1.0
-45.11,40.53,1.0
-41.2,40.89,1.0
-46.8,41.71,1.0
-42.29,37.69,1.0
-49.25,41.12,1.0
-45.43,43.43,1.0
-47.15,42.05,1.0
-163.35,-205.48,1.0
-165.17,-203.91,1.0
-168.2,-207.12,1.0
-165.38,-203.85,1.0
-162.93,-202.85,1.0
-161.96,-206.99,1.0
-167.95,-204.33,1.0
-163.82,-203.81,1.0
-162.81,-206.86,1.0
-168.25,-204.78,1.0
137.32,139.95,1.0
136.59,135.48,1.0
137.4,135.89,1.0
137.32,135.96,1.0
136.72,135.41,1.0
135.35,133.89,1.0
135.01,138.44,1.0
139.03,137.04,1.0
136.78,138.83,1.0
136.99,135.94,1.0
12.45,88.96,1.0
8.27,91.33,1.0
9.17,86.91,1.0
13.93,93.57,1.0
12.26,89.15,1.0
13.07,88.07,1.0
10.87,91.76,1.0
6.7,91.79,1.0
14.42,90.1,1.0
7.9,88.52,1.0
149.19,21.51,1.0
151.28,23.62,1.0
145.76,24.02,1.0
150.29,22.6,1.0
151.1,20.97,1.0
148.04,23.08,1.0
145.26,22.15,1.0
149.66,22.45,1.0
148.53,25.93,1.0
150.78,24.62,1.0
198.11,-191.08,1.0
195.55,-191.36,1.0
197.39,-189.68,1.0
193.04,-188.66,1.0
198.74,-193.46,1.0
197.25,-188.91,1.0
198.52,-192.51,1.0
194.09,-190.31,1.0
198.46,-194.6,1.0
197.2,-191.5,1.0
225.13,-199.88,1.0
231.81,-196.86,1.0
227.13,-197.52,1.0
230.48,-198.82,1.0
226.36,-195.62,1.0
231.33,-193.61,1.0
229.33,-200.68,1.0
229.27,-196.44,1.0
229.74,-196.91,1.0
228.9,-199.08,1.0
-234.52,113.83,1.0
-235.76,119.38,1.0
-232.38,119.41,1.0
-233.1,120.64,1.0
-236.35,118.77,1.0
-233.58,114.64,1.0
-233.79,120.33,1.0
-236.2,113.23,1.0
-233.72,120.85,1.0
-233.31,115.24,1.0
-123.88,128.57,1.0
-121.36,131.04,1.0
-123.69,128.67,1.0
-126.58,130.83,1.0
-120.21,135.19,1.0
-124.77,129.67,1.0
-123.3,126.7,1.0
-124.71,127.72,1.0
-124.34,130.0,1.0
-123.02,132.04,1.0
41.0,72.94,1.0
40.84,68.87,1.0
39.75,73.16,1.0
38.96,72.59,1.0
40.6,71.8,1.0
40.26,70.27,1.0
42.11,72.34,1.0
40.68,73.22,1.0
40.29,72.46,1.0
38.33,72.93,1.0
-74.96,3.83,1.0
-75.02,2.85,1.0
-76.58,5.73,1.0
-74.02,5.32,1.0
-76.22,5.28,1.0
-76.16,7.41,1.0
-74.31,6.13,1.0
-74.55,4.74,1.0
-76.44,2.15,1.0
-77.09,3.42,1.0
60.24,-158.44,1.0
57.1,-161.46,1.0
60.76,-159.7,1.0
59.91,-162.65,1.0
59.04,-163.93,1.0
57.64,-160.69,1.0
58.89,-163.3,1.0
55.54,-161.31,1.0
57.95,-161.24,1.0
58.57,-162.39,1.0
-185.41,232.09,1.0
-187.43,233.61,1.0
-183.08,235.6,1.0
-181.06,237.07,1.0
-184.49,234.33,1.0
-181.2,233.95,1.0
-182.65,236.36,1.0
-182.66,238.86,1.0
-181.72,233.0,1.0
-186.65,234.93,1.0
171.55,9.6,1.0
168.8,8.99,1.0
166.02,9.36,1.0
167.62,9.46,1.0
170.32,9.92,1.0
167.52,3.31,1.0
171.16,10.1,1.0
165.25,7.5,1.0
171.16,8.75,1.0
166.22,7.03,1.0
75.05,-123.96,1.0
74.77,-125.45,1.0
80.61,-128.46,1.0
78.0,-126.55,1.0
72.07,-127.39,1.0
77.16,-126.04,1.0
72.31,-127.36,1.0
75.92,-127.01,1.0
74.99,-124.92,1.0
75.97,-129.44,1.0
-234.3,112.94,1.0
-232.87,114.75,1.0
-238.09,111.97,1.0
-233.03,112.44,1.0
-230.74,115.24,1.0
-230.62,115.55,1.0
-229.65,113.45,1.0
-232.06,110.04,1.0
-232.91,113.12,1.0
-233.0,115.36,1.0
-5.94,-194.83,1.0
-2.81,-191.58,1.0
-4.97,-196.46,1.0
-0.98,-192.82,1.0
-4.86,-194.2,1.0
-1.98,-195.71,1.0
-6.19,-193.23,1.0
-0.96,-192.88,1.0
-4.29,-196.88,1.0
-6.85,-195.12,1.0
-228.65,-183.71,1.0
-224.32,-185.93,1.0
-220.58,-185.15,1.0
-228.07,-183.34,1.0
-224.3,-183.13,1.0
-223.81,-186.09,1.0
-227.34,-186.02,1.0
-224.94,-187.01,1.0
-223.31,-183.56,1.0
-227.18,-185.57,1.0
223.93,132.4,1.0
221.95,130.16,1.0
219.58,136.01,1.0
216.61,132.63,1.0
216.09,128.67,1.0
216.98,132.38,1.0
218.49,134.35,1.0
220.31,133.39,1.0
219.48,134.34,1.0
218.36,132.25,1.0
125.88,-69.01,1.0
128.8,-61.5,1.0
129.18,-62.18,1.0
123.64,-63.2,1.0
128.92,-64.9,1.0
126.99,-62.16,1.0
127.89,-61.56,1.0
126.27,-63.86,1.0
128.47,-64.11,1.0
124.41,-64.32,1.0
109.31,-210.34,1.0
105.95,-209.93,1.0
108.64,-209.81,1.0
106.92,-207.83,1.0
108.5,-208.39,1.0
103.81,-209.58,1.0
109.87,-208.51,1.0
109.14,-210.1,1.0
103.43,-210.69,1.0
104.69,-209.62,1.0
54.07,193.66,1.0
58.12,191.73,1.0
54.02,191.67,1.0
53.21,194.09,1.0
56.37,192.3,1.0
55.16,192.25,1.0
54.69,192.01,1.0
54.05,194.22,1.0
53.0,192.11,1.0
53.42,188.6,1.0
-79.43,-150.68,1.0
-80.69,-150.59,1.0
-77.7,-149.94,1.0
-78.99,-151.08,1.0
-77.24,-149.84,1.0
-73.94,-149.0,1.0
-78.35,-151.16,1.0
-77.1,-147.74,1.0
-81.91,-150.93,1.0
-76.34,-151.15,1.0
-183.55,-61.16,1.0
-189.77,-65.02,1.0
-187.82,-61.31,1.0
-191.03,-62.74,1.0
-191.63,-63.88,1.0
-189.87,-62.98,1.0
-188.61,-61.7,1.0
-186.89,-60.17,1.0
-187.87,-58.83,1.0
-189.04,-62.45,1.0
-181.79,143.35,1.0
-178.97,143.92,1.0
-178.44,145.49,1.0
-175.13,145.8,1.0
-181.21,143.57,1.0
-181.29,142.59,1.0
-180.34,149.08,1.0
-178.87,140.76,1.0
-184.7,144.38,1.0
-178.54,146.62,1.0
199.27,-178.88,1.0
197.42,-177.18,1.0
198.1,-182.42,1.0
199.34,-180.01,1.0
197.42,-180.87,1.0
198.84,-180.05,1.0
197.19,-182.14,1.0
199.28,-175.58,1.0
206.18,-183.7,1.0
199.05,-179.82,1.0
218.94,-164.82,1.0
214.13,-164.5,1.0
219.06,-168.89,1.0
214.92,-164.35,1.0
217.21,-166.86,1.0
218.78,-165.89,1.0
214.92,-164.22,1.0
214.17,-165.48,1.0
214.43,-165.27,1.0
217.27,-162.94,1.0
-143.02,-69.23,1.0
-140.37,-68.91,1.0
-138.24,-74.77,1.0
-142.67,-73.44,1.0
-140.97,-74.26,1.0
-143.8,-75.24,1.0
-143.51,-68.39,1.0
-146.09,-68.73,1.0
-145.2,-68.77,1.0
-143.94,-70.64,1.0
5.25,-140.21,1.0
1.94,-143.62,1.0
5.02,-145.48,1.0
3.15,-145.45,1.0
2.02,-143.04,1.0
3.1,-144.64,1.0
5.11,-141.08,1.0
4.58,-142.3,1.0
3.99,-142.49,1.0
1.77,-142.3,1.0
191.05,-79.42,1.0
190.84,-78.91,1.0
189.52,-80.79,1.0
191.24,-80.26,1.0
191.11,-78.88,1.0
193.55,-81.48,1.0
192.03,-81.93,1.0
190.45,-77.15,1.0
191.16,-82.12,1.0
189.53,-77.9,1.0
-68.0,-193.57,1.0
-69.01,-194.52,1.0
-61.75,-191.88,1.0
-66.3,-195.32,1.0
-65.84,-196.99,1.0
-67.11,-196.65,1.0
-65.23,-194.96,1.0
-66.1,-196.62,1.0
-64.52,-193.16,1.0
-65.45,-193.22,1.0
-183.36,6.06,1.0
-186.93,7.55,1.0
-187.31,6.62,1.0
-184.97,6.98,1.0
-187.79,7.84,1.0
-186.03,11.17,1.0
-184.74,6.05,1.0
-183.38,10.31,1.0
-187.56,10.92,1.0
-184.55,9.28,1.0
27.1,66.05,1.0
26.02,67.48,1.0
26.57,68.36,1.0
26.0,67.16,1.0
25.23,65.48,1.0
23.29,70.91,1.0
25.7,63.52,1.0
28.97,65.65,1.0
23.95,63.78,1.0
29.4,63.43,1.0
-178.7,43.49,1.0
-175.54,44.7,1.0
-171.5,42.5,1.0
-178.39,43.65,1.0
-178.58,44.99,1.0
-173.27,44.49,1.0
-178.29,42.32,1.0
-178.62,43.54,1.0
-176.58,42.19,1.0
-175.21,40.96,1.0
9.33,-104.56,1.0
8.07,-106.11,1.0
8.86,-108.38,1.0
10.72,-103.98,1.0
9.75,-104.57,1.0
8.82,-105.12,1.0
9.04,-102.45,1.0
11.22,-104.27,1.0
11.51,-103.47,1.0
8.38,-101.37,1.0
3.44,13.82,1.0
4.95,11.43,1.0
6.73,10.63,1.0
5.97,13.19,1.0
5.01,15.81,1.0
4.0,11.3,1.0
4.0,13.56,1.0
7.48,10.06,1.0
5.28,7.57,1.0
3.28,14.05,1.0
-46.64,-96.48,1.0
-43.47,-95.48,1.0
-47.31,-95.23,1.0
-48.54,-92.34,1.0
-43.79,-95.39,1.0
-47.47,-93.77,1.0
-47.4,-94.28,1.0
-46.09,-97.78,1.0
-42.34,-95.01,1.0
-44.87,-94.57,1.0
-75.0,-52.0,1.0
-71.52,-49.0,1.0
-71.21,-51.46,1.0
-73.05,-50.97,1.0
-76.63,-53.58,1.0
-71.85,-53.25,1.0
-74.04,-50.6,1.0
-67.91,-51.48,1.0
-74.47,-56.3,1.0
-70.83,-54.12,1.0
116.38,9.71,1.0
114.03,9.04,1.0
115.43,11.97,1.0
116.01,11.27,1.0
114.25,8.46,1.0
115.35,9.42,1.0
113.4,7.72,1.0
115.13,10.78,1.0
118.19,8.6,1.0
117.09,9.0,1.0
-188.44,36.96,1.0
-188.91,34.09,1.0
-190.41,37.63,1.0
-191.71,37.81,1.0
-186.82,38.26,1.0
-186.27,36.25,1.0
-188.91,36.02,1.0
-189.1,37.51,1.0
-189.17,34.33,1.0
-189.24,34.77,1.0
-224.27,-160.99,1.0
-223.98,-156.14,1.0
-225.9,-153.32,1.0
-222.18,-157.13,1.0
-225.03,-155.67,1.0
-222.59,-156.65,1.0
-224.52,-155.77,1.0
-223.58,-156.96,1.0
-225.28,-156.49,1.0
-220.45,-158.7,1.0
132.31,-86.12,1.0
134.12,-87.24,1.0
128.59,-88.8,1.0
128.44,-88.52,1.0
131.69,-87.45,1.0
131.55,-87.87,1.0
133.5,-89.44,1.0
129.67,-87.91,1.0
126.66,-86.18,1.0
129.94,-86.17,1.0
142.68,149.53,1.0
151.69,150.69,1.0
147.25,149.04,1.0
148.99,150.19,1.0
146.55,145.02,1.0
147.14,149.64,1.0
151.09,153.19,1.0
150.65,153.5,1.0
146.48,149.65,1.0
145.16,149.63,1.0
203.3,39.84,1.0
204.56,42.92,1.0
205.68,39.7,1.0
204.57,40.24,1.0
206.38,40.42,1.0
204.0,39.5,1.0
200.64,42.92,1.0
206.85,40.31,1.0
202.89,43.74,1.0
198.9,36.71,1.0
-55.07,168.03,1.0
-57.85,169.52,1.0
-56.83,167.24,1.0
-56.93,165.32,1.0
-58.02,168.46,1.0
-58.22,169.4,1.0
-52.68,167.2,1.0
-57.58,167.17,1.0
-57.97,166.24,1.0
-54.87,170.07,1.0
-35.2,-90.43,1.0
-36.08,-92.04,1.0
-36.42,-92.05,1.0
-32.02,-88.63,1.0
-31.07,-89.31,1.0
-33.27,-85.05,1.0
-34.95,-87.32,1.0
-34.74,-85.6,1.0
-32.59,-93.37,1.0
-29.97,-92.7,1.0
12.78,81.37,1.0
10.75,76.98,1.0
11.56,79.59,1.0
12.69,78.52,1.0
8.8,77.82,1.0
10.44,78.82,1.0
16.64,76.68,1.0
13.74,79.03,1.0
12.28,79.94,1.0
15.61,79.05,1.0
-153.67,7.5,1.0
-152.15,8.53,1.0
-154.18,5.4,1.0
-153.38,10.41,1.0
-150.85,11.71,1.0
-150.2,11.45,1.0
-153.19,9.2,1.0
-151.65,10.28,1.0
-153.17,9.76,1.0
-152.85,8.31,1.0
11.25,108.47,1.0
9.06,109.3,1.0
10.05,111.08,1.0
8.07,108.22,1.0
4.87,107.42,1.0
11.11,109.93,1.0
5.41,112.81,1.0
8.27,113.62,1.0
6.18,106.51,1.0
9.29,111.82,1.0
-21.75,162.95,1.0
-18.63,165.1,1.0
-24.84,165.51,1.0
-21.25,165.56,1.0
-21.08,163.83,1.0
-22.9,162.65,1.0
-23.48,165.81,1.0
-21.12,164.12,1.0
-19.1,166.07,1.0
-19.34,164.17,1.0
-158.51,-46.75,1.0
-156.73,-43.76,1.0
-158.12,-43.68,1.0
-157.09,-45.93,1.0
-158.77,-44.26,1.0
-159.72,-45.51,1.0
-157.55,-45.35,1.0
-156.23,-44.33,1.0
-155.39,-42.78,1.0
-153.4,-45.42,1.0
-18.39,-147.66,1.0
-19.86,-144.94,1.0
-19.41,-143.94,1.0
-21.06,-148.02,1.0
-19.31,-145.05,1.0
-17.32,-144.69,1.0
-21.52,-145.32,1.0
-20.65,-144.68,1.0
-19.82,-142.74,1.0
-22.89,-143.27,1.0
206.08,-175.6,1.0
205.21,-176.61,1.0
208.12,-174.46,1.0
207.77,-173.98,1.0
209.72,-176.18,1.0
207.91,-171.64,1.0
207.88,-175.2,1.0
210.08,-174.94,1.0
209.8,-175.98,1.0
206.03,-174.65,1.0
61.69,-1.9,1.0
57.51,-1.31,1.0
57.28,-5.28,1.0
57.34,-4.8,1.0
61.05,-2.75,1.0
55.68,-0.37,1.0
59.02,-4.36,1.0
60.0,-6.69,1.0
61.99,-3.41,1.0
58.15,-1.75,1.0
-69.83,206.54,1.0
-69.14,207.47,1.0
-72.13,205.98,1.0
-65.84,202.04,1.0
-65.87,207.02,1.0
-68.0,202.99,1.0
-69.54,206.9,1.0
-65.4,203.59,1.0
-68.0,207.74,1.0
-67.74,206.87,1.0
-238.73,116.38,1.0
-237.04,116.03,1.0
-236.52,114.09,1.0
-238.34,116.81,1.0
-239.13,117.79,1.0
-241.0,113.64,1.0
-238.65,117.44,1.0
-237.1,117.96,1.0
-239.26,116.93,1.0
-240.32,115.72,1.0
-31.56,-241.18,1.0
-35.59,-239.91,1.0
-31.2,-239.71,1.0
-33.78,-240.9,1.0
-36.49,-238.55,1.0
-34.41,-241.59,1.0
-33.71,-241.34,1.0
-31.98,-238.45,1.0
-39.88,-237.86,1.0
-32.1,-238.65,1.0
10.38,-94.6,1.0
8.38,-96.27,1.0
10.75,-95.91,1.0
4.4,-98.03,1.0
10.65,-95.45,1.0
9.47,-97.01,1.0
6.87,-99.28,1.0
7.08,-96.92,1.0
8.15,-92.07,1.0
6.62,-94.24,1.0
35.73,41.88,1.0
39.37,40.56,1.0
41.86,43.29,1.0
42.59,41.31,1.0
42.15,44.45,1.0
42.89,47.35,1.0
37.94,41.03,1.0
40.26,39.74,1.0
39.51,45.11,1.0
42.08,45.28,1.0
146.09,61.39,1.0
151.11,64.46,1.0
148.09,59.15,1.0
147.94,59.11,1.0
150.78,63.35,1.0
150.38,61.23,1.0
146.52,60.57,1.0
149.49,55.57,1.0
151.03,57.85,1.0
152.74,59.88,1.0
76.66,209.58,1.0
75.69,213.29,1.0
77.25,208.97,1.0
78.56,206.17,1.0
77.0,208.76,1.0
73.81,210.17,1.0
77.88,209.37,1.0
81.8,211.84,1.0
77.56,208.16,1.0
75.34,208.3,1.0
-219.3,-87.48,1.0
-214.36,-85.91,1.0
-215.01,-84.4,1.0
-219.38,-88.99,1.0
-218.29,-86.96,1.0
-212.41,-88.99,1.0
-216.74,-84.62,1.0
-217.91,-83.75,1.0
-214.93,-87.9,1.0
-214.72,-88.03,1.0
-153.9,25.33,1.0
-152.22,25.01,1.0
-154.74,23.39,1.0
-151.93,26.72,1.0
-149.97,28.8,1.0
-148.48,22.63,1.0
-150.28,26.9,1.0
-152.74,24.0,1.0
-154.32,28.19,1.0
-152.52,23.01,1.0
-35.63,35.65,1.0
-34.45,33.23,1.0
-34.65,34.33,1.0
-34.03,32.63,1.0
-33.99,36.74,1.0
-35.77,34.71,1.0
-32.97,34.5,1.0
-32.3,35.73,1.0
-35.44,37.48,1.0
-33.12,33.42,1.0
-175.22,-218.65,1.0
-175.79,-217.79,1.0
-175.41,-218.37,1.0
-175.61,-215.16,1.0
-175.63,-218.1,1.0
-174.09,-219.74,1.0
-173.69,-217.38,1.0
-172.17,-220.54,1.0
-173.63,-222.95,1.0
-169.07,-221.03,1.0
-91.57,-93.69,1.0
-94.92,-91.48,1.0
-94.83,-91.68,1.0
-92.01,-90.82,1.0
-92.5,-92.01,1.0
-93.84,-91.24,1.0
-97.11,-89.51,1.0
-91.24,-90.95,1.0
-93.8,-93.08,1.0
-93.41,-92.45,1.0
57.26,218.45,1.0
58.1,217.4,1.0
56.27,218.85,1.0
58.31,218.04,1.0
56.23,219.28,1.0
55.45,215.48,1.0
54.74,221.81,1.0
52.24,217.99,1.0
54.76,220.55,1.0
56.65,217.77,1.0
-8.72,-153.71,1.0
-6.56,-153.26,1.0
-1.85,-154.53,1.0
-4.55,-154.85,1.0
-3.83,-154.08,1.0
-3.35,-157.26,1.0
-8.18,-160.12,1.0
-6.12,-154.38,1.0
-4.89,-154.26,1.0
-3.03,-152.19,1.0
-12.85,236.5,1.0
-11.37,238.01,1.0
-15.44,240.4,1.0
-13.81,238.39,1.0
-13.93,235.52,1.0
-9.23,240.42,1.0
-12.17,235.18,1.0
-17.1,235.16,1.0
-11.96,236.67,1.0
-14.1,235.82,1.0
191.64,14.23,1.0
193.73,17.86,1.0
188.16,18.69,1.0
188.36,16.54,1.0
190.46,19.87,1.0
190.67,19.35,1.0
187.72,18.22,1.0
190.48,19.38,1.0
190.31,17.71,1.0
189.47,15.88,1.0
-215.19,124.51,1.0
-212.6,126.99,1.0
-217.21,127.81,1.0
-213.52,128.42,1.0
-212.79,119.38,1.0
-213.58,124.97,1.0
-211.55,125.23,1.0
-215.3,124.18,1.0
-216.15,124.18,1.0
-213.11,127.5,1.0
98.63,-90.53,1.0
104.5,-82.95,1.0
102.59,-85.98,1.0
103.85,-83.4,1.0
98.77,-84.02,1.0
101.81,-83.12,1.0
104.37,-84.51,1.0
100.47,-83.71,1.0
104.18,-86.34,1.0
101.08,-80.08,1.0
-211.91,175.37,1.0
-207.45,175.21,1.0
-210.72,173.88,1.0
-208.19,170.17,1.0
-209.74,174.09,1.0
-207.87,176.33,1.0
-207.85,171.44,1.0
-211.38,171.34,1.0
-208.29,171.19,1.0
-209.62,173.87,1.0
-99.06,38.94,1.0
-97.29,40.95,1.0
-97.4,39.42,1.0
-100.6,39.89,1.0
-99.78,38.93,1.0
-100.12,38.34,1.0
-99.25,40.27,1.0
-101.28,36.7,1.0
-97.35,37.61,1.0
-102.7,39.42,1.0
-214.63,190.22,1.0
-209.54,189.94,1.0
-216.24,189.85,1.0
-216.0,187.24,1.0
-212.91,187.3,1.0
-214.26,188.91,1.0
-213.67,188.57,1.0
-214.23,192.31,1.0
-215.15,187.62,1.0
-210.97,195.92,1.0
191.78,113.79,1.0
195.51,113.87,1.0
192.8,116.17,1.0
195.15,110.19,1.0
195.09,113.97,1.0
194.36,114.82,1.0
194.31,115.35,1.0
193.28,112.77,1.0
194.51,116.29,1.0
195.13,112.17,1.0
11.64,-149.62,1.0
10.51,-152.89,1.0
14.64,-152.84,1.0
14.56,-146.55,1.0
9.99,-146.91,1.0
11.05,-149.47,1.0
12.06,-147.81,1.0
10.48,-150.43,1.0
11.96,-149.16,1.0
14.48,-150.15,1.0
154.93,-150.12,1.0
158.24,-156.11,1.0
155.26,-152.16,1.0
157.28,-150.57,1.0
156.31,-150.39,1.0
158.15,-152.01,1.0
156.06,-149.49,1.0
154.89,-149.97,1.0
159.59,-149.57,1.0
161.09,-150.46,1.0
49.45,-3.18,1.0
52.8,-5.1,1.0
49.31,-4.54,1.0
48.01,-1.93,1.0
49.93,-5.26,1.0
53.43,-6.26,1.0
52.11,-2.3,1.0
50.03,-4.05,1.0
57.21,-5.6,1.0
47.91,-4.96,1.0
152.99,-3.84,1.0
153.66,-6.74,1.0
148.87,-3.63,1.0
151.34,-2.17,1.0
147.87,-1.36,1.0
148.34,-0.85,1.0
149.55,-2.2,1.0
150.36,-2.72,1.0
154.74,-6.76,1.0
148.13,-4.79,1.0
25.57,7.74,1.0
27.46,7.04,1.0
27.74,8.82,1.0
29.1,8.42,1.0
28.53,5.62,1.0
24.12,8.69,1.0
29.41,9.13,1.0
29.05,9.65,1.0
26.29,10.69,1.0
25.69,12.26,1.0
171.88,121.13,1.0
170.15,123.17,1.0
174.11,120.22,1.0
175.27,123.73,1.0
172.56,123.12,1.0
173.69,122.07,1.0
173.84,124.98,1.0
171.83,121.86,1.0
172.92,124.44,1.0
173.26,123.97,1.0
-239.28,-223.51,1.0
-242.52,-223.15,1.0
-237.29,-222.51,1.0
-234.03,-222.68,1.0
-237.59,-223.32,1.0
-241.55,-223.8,1.0
-240.08,-226.11,1.0
-236.02,-225.35,1.0
-241.69,-222.88,1.0
-238.47,-221.51,1.0
-167.06,-195.05,1.0
-169.8,-197.69,1.0
-169.18,-190.14,1.0
-170.05,-190.74,1.0
-167.2,-193.84,1.0
-168.45,-193.99,1.0
-167.81,-194.97,1.0
-168.57,-196.38,1.0
-169.25,-190.9,1.0
-168.06,-190.11,1.0
16.3,-149.49,1.0
20.6,-146.19,1.0
16.06,-149.58,1.0
17.65,-147.01,1.0
17.11,-145.67,1.0
14.97,-145.09,1.0
19.07,-148.12,1.0
19.77,-147.57,1.0
17.84,-146.91,1.0
16.23,-150.74,1.0
191.89,38.73,1.0
191.54,39.53,1.0
194.91,36.57,1.0
193.26,39.03,1.0
192.83,39.35,1.0
190.48,35.95,1.0
194.85,36.03,1.0
191.99,34.91,1.0
193.08,41.43,1.0
190.49,36.89,1.0
-200.94,48.03,1.0
-200.71,49.13,1.0
-202.84,49.61,1.0
-199.89,48.46,1.0
-197.06,51.57,1.0
-199.11,49.71,1.0
-200.05,48.99,1.0
-200.6,49.15,1.0
-197.14,46.75,1.0
-201.77,45.8,1.0
-144.38,227.77,1.0
-146.02,227.39,1.0
-140.7,228.51,1.0
-143.34,229.69,1.0
-143.24,224.32,1.0
-142.91,231.35,1.0
-142.39,221.24,1.0
-145.78,225.22,1.0
-142.39,226.76,1.0
-145.33,223.06,1.0
228.32,74.87,1.0
229.17,75.91,1.0
227.43,78.37,1.0
230.44,74.23,1.0
230.56,79.34,1.0
226.79,80.93,1.0
226.99,76.76,1.0
231.85,78.1,1.0
229.43,79.65,1.0
231.14,72.58,1.0
-144.75,12.11,1.0
-150.06,15.57,1.0
-151.54,17.61,1.0
-147.11,13.85,1.0
-148.7,15.82,1.0
-149.28,15.52,1.0
-147.85,14.92,1.0
-148.58,13.76,1.0
-149.85,15.31,1.0
-144.01,17.11,1.0
16.47,174.08,1.0
17.63,170.41,1.0
13.39,170.32,1.0
14.67,174.84,1.0
14.94,169.26,1.0
16.55,171.38,1.0
15.97,172.01,1.0
14.67,171.84,1.0
16.65,173.29,1.0
17.72,170.62,1.0
-62.97,152.1,1.0
-60.18,153.13,1.0
-58.17,151.72,1.0
-59.88,155.6,1.0
-59.14,152.96,1.0
-60.26,155.33,1.0
-58.74,152.83,1.0
-58.23,152.71,1.0
-58.75,149.82,1.0
-57.44,151.5,1.0
51.29,-143.48,1.0
55.87,-145.73,1.0
50.5,-149.22,1.0
55.27,-146.14,1.0
50.47,-146.83,1.0
52.4,-148.67,1.0
55.85,-145.22,1.0
54.22,-147.31,1.0
47.94,-143.46,1.0
49.83,-146.14,1.0
43.21,-136.77,1.0
47.71,-131.41,1.0
45.74,-131.62,1.0
43.01,-132.39,1.0
42.12,-134.75,1.0
43.61,-131.05,1.0
46.02,-133.41,1.0
44.11,-134.65,1.0
44.12,-132.63,1.0
44.74,-138.22,1.0
-181.09,-184.31,1.0
-182.65,-187.36,1.0
-181.41,-182.08,1.0
-187.69,-184.29,1.0
-186.7,-186.74,1.0
-184.86,-187.84,1.0
-182.5,-185.77,1.0
-181.8,-183.48,1.0
-184.35,-183.9,1.0
-187.82,-186.32,1.0
38.71,-107.25,1.0
38.0,-106.38,1.0
35.96,-109.6,1.0
35.42,-109.0,1.0
35.13,-104.77,1.0
37.84,-111.22,1.0
40.11,-107.78,1.0
41.37,-106.05,1.0
41.24,-107.84,1.0
36.29,-108.17,1.0
-191.86,-68.17,1.0
-187.91,-67.29,1.0
-186.42,-66.29,1.0
-188.05,-66.7,1.0
-191.88,-67.14,1.0
-190.04,-64.63,1.0
-186.54,-67.45,1.0
-191.03,-67.91,1.0
-189.2,-68.52,1.0
-191.83,-66.33,1.0
-194.52,132.27,1.0
-189.35,130.66,1.0
-190.85,134.27,1.0
-192.25,131.22,1.0
-191.61,130.81,1.0
-190.28,129.15,1.0
-194.73,130.21,1.0
-193.93,133.17,1.0
-191.02,132.56,1.0
-195.83,130.94,1.0
-176.16,54.01,1.0
-174.85,50.76,1.0
-173.63,50.55,1.0
-177.6,50.68,1.0
-173.52,50.3,1.0
-175.07,52.66,1.0
-173.51,53.44,1.0
-173.23,51.34,1.0
-174.52,53.4,1.0
-171.91,55.09,1.0
-223.51,40.65,1.0
-221.03,33.36,1.0
-225.93,38.99,1.0
-222.07,39.1,1.0
-222.97,39.43,1.0
-223.42,43.9,1.0
-225.48,35.58,1.0
-223.15,39.74,1.0
-223.63,39.76,1.0
-224.49,38.79,1.0
-193.47,13.54,1.0
-192.37,12.74,1.0
-192.12,10.63,1.0
-196.74,12.85,1.0
-189.12,12.69,1.0
-193.87,11.81,1.0
-192.08,12.52,1.0
-191.24,15.45,1.0
-194.74,12.71,1.0
-193.17,14.4,1.0
69.87,-173.23,1.0
72.57,-174.06,1.0
71.04,-175.79,1.0
73.7,-181.18,1.0
68.74,-174.91,1.0
66.92,-174.69,1.0
66.85,-173.17,1.0
69.26,-174.97,1.0
68.96,-175.77,1.0
70.41,-173.38,1.0
199.8,117.75,1.0
197.98,113.03,1.0
198.3,110.41,1.0
199.71,117.98,1.0
199.6,120.83,1.0
197.88,116.74,1.0
202.72,119.58,1.0
202.41,117.99,1.0
197.88,120.33,1.0
201.28,118.36,1.0
227.05,-68.71,1.0
229.52,-62.88,1.0
228.34,-64.92,1.0
226.86,-70.73,1.0
231.45,-63.29,1.0
227.76,-64.77,1.0
224.24,-62.78,1.0
229.35,-66.04,1.0
229.05,-65.2,1.0
229.02,-65.58,1.0
134.69,-181.62,1.0
134.87,-179.0,1.0
133.17,-181.29,1.0
130.2,-182.9,1.0
132.54,-181.81,1.0
137.53,-183.78,1.0
135.05,-181.13,1.0
133.23,-178.78,1.0
134.1,-182.19,1.0
136.65,-181.04,1.0
-218.55,83.49,1.0
-214.11,83.35,1.0
-213.41,80.92,1.0
-215.72,80.88,1.0
-215.06,81.58,1.0
-219.16,81.05,1.0
-217.6,83.79,1.0
-213.39,79.75,1.0
-213.99,81.57,1.0
-215.98,81.01,1.0
-102.03,-156.85,1.0
-103.38,-160.48,1.0
-98.9,-158.58,1.0
-99.02,-156.38,1.0
-97.12,-155.51,1.0
-97.63,-157.94,1.0
-100.86,-156.64,1.0
-101.17,-153.73,1.0
-101.18,-155.22,1.0
-97.9,-153.73,1.0
-54.71,180.19,1.0
-54.49,178.04,1.0
-52.08,182.15,1.0
-52.53,176.5,1.0
-54.75,176.95,1.0
-53.16,182.27,1.0
-53.25,177.1,1.0
-53.84,181.46,1.0
-54.75,179.32,1.0
-55.7,178.46,1.0
-38.0,128.86,1.0
-39.01,125.85,1.0
-41.56,124.29,1.0
-37.86,123.36,1.0
-40.22,123.9,1.0
-40.93,129.14,1.0
-41.49,127.29,1.0
-38.01,130.28,1.0
-38.33,126.55,1.0
-37.79,127.18,1.0
38.01,213.94,1.0
36.68,215.6,1.0
40.46,215.46,1.0
36.56,212.73,1.0
38.32,211.63,1.0
35.28,212.24,1.0
36.58,212.29,1.0
39.65,214.01,1.0
39.29,212.37,1.0
36.66,208.51,1.0
149.49,197.82,1.0
156.22,201.07,1.0
153.08,199.98,1.0
150.6,196.03,1.0
156.18,197.68,1.0
152.63,198.58,1.0
153.83,199.07,1.0
151.43,200.12,1.0
154.34,200.86,1.0
152.19,199.54,1.0
-150.4,43.86,1.0
-147.77,40.9,1.0
-150.61,42.6,1.0
-152.15,38.35,1.0
-146.78,40.68,1.0
-147.83,44.47,1.0
-147.93,43.99,1.0
-148.0,39.92,1.0
-151.28,37.46,1.0
-146.32,44.67,1.0
-236.3,-156.07,1.0
-233.46,-154.2,1.0
-231.33,-157.72,1.0
-229.48,-155.74,1.0
-230.43,-156.17,1.0
-231.98,-155.62,1.0
-235.26,-156.28,1.0
-232.51,-160.24,1.0
-231.92,-156.61,1.0
-227.82,-156.53,1.0
1.88,168.78,1.0
2.44,167.7,1.0
-0.6,167.4,1.0
1.32,168.67,1.0
2.75,170.05,1.0
0.66,171.0,1.0
1.72,169.98,1.0
6.01,169.89,1.0
3.95,171.11,1.0
2.68,168.56,1.0
-14.75,-181.03,1.0
-15.21,-183.82,1.0
-16.03,-183.16,1.0
-15.67,-187.42,1.0
-15.61,-182.19,1.0
-19.8,-184.55,1.0
-14.09,-182.71,1.0
-17.62,-182.86,1.0
-13.88,-184.08,1.0
-14.32,-180.68,1.0
-120.06,195.64,1.0
-117.8,194.59,1.0
-119.19,194.9,1.0
-123.84,190.77,1.0
-117.55,193.18,1.0
-120.68,194.1,1.0
-116.04,188.84,1.0
-120.1,190.39,1.0
-121.98,197.59,1.0
-116.1,192.51,1.0
131.08,142.14,1.0
131.88,142.5,1.0
131.65,141.43,1.0
135.37,140.6,1.0
134.06,142.4,1.0
131.57,140.09,1.0
132.02,140.46,1.0
133.18,145.33,1.0
128.53,147.89,1.0
133.83,141.27,1.0
236.27,203.96,1.0
237.2,199.68,1.0
237.88,202.86,1.0
236.03,204.35,1.0
240.45,205.77,1.0
238.68,205.51,1.0
236.8,203.94,1.0
239.03,202.81,1.0
235.48,204.02,1.0
239.18,208.03,1.0
-174.13,215.85,1.0
-167.11,217.66,1.0
-172.31,217.02,1.0
-171.48,216.39,1.0
-170.96,214.96,1.0
-166.25,212.7,1.0
-168.9,216.01,1.0
-169.05,213.93,1.0
-171.36,214.63,1.0
-170.33,217.87,1.0
-89.75,-55.0,1.0
-94.75,-51.5,1.0
-92.18,-53.06,1.0
-93.04,-58.16,1.0
-88.9,-52.75,1.0
-90.15,-54.85,1.0
-86.29,-56.54,1.0
-91.86,-52.87,1.0
-91.18,-51.04,1.0
-91.74,-57.48,1.0
-201.8,49.41,1.0
-198.81,49.69,1.0
-198.8,50.36,1.0
-196.57,51.79,1.0
-197.58,53.87,1.0
-199.23,52.48,1.0
-199.71,50.47,1.0
-203.11,52.27,1.0
-199.47,51.96,1.0
-200.01,49.95,1.0
84.35,-240.07,1.0
79.32,-241.09,1.0
83.89,-235.61,1.0
84.4,-236.16,1.0
80.56,-241.31,1.0
83.86,-240.84,1.0
83.48,-236.95,1.0
84.68,-239.94,1.0
82.91,-239.82,1.0
82.51,-241.14,1.0
-102.39,-86.28,1.0
-103.32,-84.86,1.0
-104.98,-91.94,1.0
-100.47,-89.79,1.0
-104.26,-84.82,1.0
-102.57,-83.97,1.0
-100.64,-86.76,1.0
-100.39,-87.89,1.0
-100.48,-87.92,1.0
-98.44,-86.68,1.0
-54.54,111.87,1.0
-51.28,110.52,1.0
-52.21,110.4,1.0
-51.9,112.15,1.0
-44.75,112.71,1.0
-50.73,112.13,1.0
-51.34,114.26,1.0
-49.0,111.37,1.0
-46.83,114.04,1.0
-51.2,113.15,1.0
-216.02,-81.79,1.0
-222.34,-81.6,1.0
-219.3,-77.55,1.0
-217.64,-84.71,1.0
-221.07,-84.42,1.0
-219.89,-81.2,1.0
-220.61,-86.31,1.0
-216.78,-82.68,1.0
-214.54,-81.69,1.0
-221.24,-82.01,1.0
-31.99,207.71,1.0
-31.0,209.7,1.0
-33.35,209.1,1.0
-29.92,206.29,1.0
-27.64,211.29,1.0
-28.12,209.82,1.0
-31.33,210.18,1.0
-29.92,211.0,1.0
-28.98,210.84,1.0
-32.68,210.94,1.0
17.24,-59.48,1.0
14.94,-58.91,1.0
10.04,-57.09,1.0
13.92,-65.24,1.0
14.17,-61.15,1.0
9.97,-59.8,1.0
13.86,-58.42,1.0
15.38,-58.35,1.0
13.66,-61.75,1.0
13.68,-63.41,1.0
-214.98,-180.37,1.0
-219.19,-181.62,1.0
-219.56,-181.73,1.0
-217.47,-180.61,1.0
-220.96,-181.15,1.0
-218.87,-178.63,1.0
-217.42,-180.53,1.0
-220.76,-183.11,1.0
-219.36,-183.27,1.0
-217.39,-179.58,1.0
188.68,-107.14,1.0
185.28,-109.25,1.0
182.46,-101.79,1.0
188.64,-109.29,1.0
187.26,-107.11,1.0
189.55,-107.1,1.0
183.57,-105.1,1.0
185.79,-108.12,1.0
178.93,-98.83,1.0
188.5,-105.93,1.0
126.06,190.06,1.0
129.37,191.52,1.0
127.21,190.71,1.0
127.31,193.52,1.0
123.04,191.35,1.0
128.57,190.05,1.0
127.51,192.05,1.0
124.87,194.89,1.0
126.65,193.92,1.0
126.34,194.06,1.0
25.05,230.54,1.0
17.8,230.29,1.0
20.81,227.92,1.0
20.37,228.22,1.0
21.9,226.25,1.0
21.73,229.49,1.0
23.61,227.32,1.0
23.56,229.15,1.0
21.96,229.74,1.0
21.74,227.69,1.0
140.73,-136.15,1.0
141.94,-138.6,1.0
142.61,-135.39,1.0
144.02,-135.23,1.0
139.34,-138.95,1.0
142.97,-137.14,1.0
142.04,-135.11,1.0
144.43,-133.49,1.0
138.58,-133.65,1.0
139.78,-137.4,1.0
-23.88,-105.81,1.0
-25.74,-105.6,1.0
-26.83,-109.42,1.0
-23.22,-109.94,1.0
-26.8,-108.25,1.0
-23.22,-108.2,1.0
-27.03,-109.03,1.0
-23.74,-105.41,1.0
-24.74,-108.68,1.0
-24.6,-107.78,1.0
-100.32,-54.35,1.0
-97.77,-55.85,1.0
-100.53,-52.38,1.0
-104.03,-51.59,1.0
-100.96,-51.59,1.0
-99.35,-51.27,1.0
-99.75,-52.32,1.0
-99.84,-51.72,1.0
-98.27,-50.42,1.0
-97.42,-53.49,1.0
-239.83,-60.19,1.0
-241.36,-60.93,1.0
-238.54,-58.26,1.0
-238.09,-59.4,1.0
-239.64,-56.6,1.0
-237.8,-59.07,1.0
-238.48,-59.99,1.0
-237.32,-63.19,1.0
-239.41,-56.67,1.0
-232.42,-57.66,1.0
193.86,189.91,1.0
194.39,185.1,1.0
196.0,187.78,1.0
196.58,190.0,1.0
197.79,191.38,1.0
194.2,190.95,1.0
196.58,191.67,1.0
193.16,189.88,1.0
194.73,191.5,1.0
194.6,187.26,1.0
-10.76,218.44,1.0
-12.34,217.76,1.0
-13.83,220.92,1.0
-9.92,218.54,1.0
-9.74,215.8,1.0
-9.56,219.46,1.0
-11.54,218.16,1.0
-10.52,212.33,1.0
-11.38,216.82,1.0
-13.47,213.38,1.0
-126.56,104.61,1.0
-133.26,106.2,1.0
-130.34,108.65,1.0
-128.58,105.27,1.0
-126.46,108.22,1.0
-126.77,106.05,1.0
-131.29,103.84,1.0
-130.96,101.46,1.0
-129.7,105.34,1.0
-129.84,106.24,1.0
-84.38,-119.18,1.0
-84.22,-118.19,1.0
-87.53,-118.59,1.0
-81.22,-118.84,1.0
-85.99,-122.37,1.0
-81.55,-121.39,1.0
-81.89,-116.8,1.0
-85.04,-116.7,1.0
-85.61,-118.23,1.0
-83.5,-114.19,1.0
37.98,-180.51,1.0
42.35,-177.57,1.0
39.92,-176.3,1.0
39.04,-178.39,1.0
38.14,-179.15,1.0
44.13,-177.02,1.0
37.99,-178.62,1.0
37.98,-178.49,1.0
43.47,-177.06,1.0
39.15,-175.93,1.0
109.13,-139.38,1.0
108.61,-143.79,1.0
107.98,-138.21,1.0
108.54,-144.4,1.0
111.17,-142.26,1.0
111.47,-141.87,1.0
107.33,-140.58,1.0
106.81,-143.21,1.0
107.13,-141.29,1.0
110.53,-137.82,1.0
231.34,136.14,1.0
223.99,132.42,1.0
227.32,136.67,1.0
225.7,139.84,1.0
229.55,132.8,1.0
231.39,137.62,1.0
228.48,138.84,1.0
227.1,139.13,1.0
231.76,139.71,1.0
228.02,139.43,1.0
-58.49,-87.97,1.0
-58.5,-87.84,1.0
-56.73,-90.44,1.0
-57.33,-89.49,1.0
-57.52,-91.16,1.0
-57.7,-88.9,1.0
-54.16,-88.91,1.0
-51.82,-89.11,1.0
-58.08,-91.92,1.0
-58.98,-92.78,1.0
-119.62,96.36,1.0
-125.92,97.43,1.0
-124.81,99.12,1.0
-122.55,95.58,1.0
-122.7,95.86,1.0
-118.91,99.76,1.0
-119.6,97.15,1.0
-119.7,96.19,1.0
-122.45,95.35,1.0
-120.17,99.28,1.0
117.83,-29.21,1.0
115.21,-31.25,1.0
114.68,-31.15,1.0
120.07,-30.21,1.0
113.61,-26.85,1.0
115.27,-33.09,1.0
114.79,-30.35,1.0
115.92,-27.73,1.0
119.72,-27.98,1.0
115.51,-30.44,1.0
-168.54,-209.77,1.0
-170.65,-211.35,1.0
-174.4,-211.64,1.0
-171.94,-210.52,1.0
-170.02,-207.98,1.0
-168.7,-208.33,1.0
-170.96,-207.0,1.0
-171.14,-208.72,1.0
-173.6,-209.83,1.0
-168.65,-211.14,1.0
-154.74,-45.95,1.0
-156.56,-49.69,1.0
-150.3,-50.33,1.0
-152.34,-48.17,1.0
-152.56,-47.72,1.0
-151.48,-47.28,1.0
-152.74,-50.26,1.0
-152.87,-51.01,1.0
-150.22,-47.3,1.0
-155.95,-48.11,1.0
54.1,117.49,1.0
52.92,111.93,1.0
49.77,114.32,1.0
51.34,114.07,1.0
53.06,111.2,1.0
51.82,113.12,1.0
52.68,111.0,1.0
51.84,114.48,1.0
50.17,112.46,1.0
51.7,110.56,1.0
171.41,-92.92,1.0
174.0,-95.75,1.0
174.67,-97.5,1.0
170.63,-98.61,1.0
175.71,-92.15,1.0
176.48,-97.9,1.0
176.94,-98.25,1.0
174.83,-98.25,1.0
175.23,-93.71,1.0
173.27,-94.36,1.0
54.55,121.43,1.0
57.5,121.56,1.0
58.64,119.66,1.0
55.14,120.14,1.0
57.38,117.49,1.0
56.66,121.32,1.0
57.95,118.47,1.0
56.54,124.77,1.0
56.63,123.92,1.0
59.82,119.19,1.0
-60.22,9.37,1.0
-64.9,8.65,1.0
-60.44,8.3,1.0
-59.44,5.83,1.0
-60.94,7.5,1.0
-59.64,4.43,1.0
-64.25,5.55,1.0
-63.27,2.88,1.0
-60.56,8.39,1.0
-61.53,6.66,1.0
-26.4,-96.97,1.0
-26.95,-91.73,1.0
-28.3,-92.14,1.0
-27.98,-95.18,1.0
-29.81,-90.33,1.0
-28.38,-91.69,1.0
-27.32,-91.37,1.0
-28.97,-92.13,1.0
-25.03,-89.44,1.0
-29.7,-90.19,1.0
1.46,-148.34,1.0
0.93,-148.61,1.0
-1.57,-151.38,1.0
-1.92,-151.47,1.0
-1.81,-155.75,1.0
-2.35,-151.63,1.0
-0.42,-154.64,1.0
-4.87,-155.11,1.0
-0.44,-151.72,1.0
-0.37,-153.31,1.0
-184.35,199.88,1.0
-182.91,197.62,1.0
-181.02,199.19,1.0
-182.65,196.1,1.0
-182.13,198.51,1.0
-186.7,202.64,1.0
-185.14,196.53,1.0
-185.04,197.35,1.0
-183.85,200.46,1.0
-187.39,198.02,1.0
240.51,-200.35,1.0
240.01,-203.01,1.0
238.3,-205.69,1.0
238.74,-204.05,1.0
237.4,-204.97,1.0
238.74,-205.2,1.0
235.79,-204.46,1.0
233.78,-203.02,1.0
236.02,-206.52,1.0
238.35,-207.16,1.0
59.82,134.79,1.0
62.19,134.81,1.0
60.43,137.07,1.0
64.77,131.56,1.0
60.06,136.82,1.0
65.13,136.27,1.0
61.51,135.01,1.0
61.34,141.57,1.0
60.53,140.28,1.0
61.32,138.7,1.0
183.13,-159.85,1.0
182.51,-158.97,1.0
186.16,-161.5,1.0
184.98,-160.92,1.0
182.18,-155.71,1.0
181.64,-159.23,1.0
184.55,-155.8,1.0
183.18,-156.75,1.0
181.04,-157.32,1.0
184.44,-155.4,1.0
-77.52,-10.98,1.0
-72.33,-11.73,1.0
-79.52,-12.31,1.0
-81.32,-12.58,1.0
-80.18,-10.34,1.0
-75.01,-12.43,1.0
-77.67,-8.05,1.0
-79.63,-11.37,1.0
-72.37,-11.11,1.0
-77.0,-10.89,1.0
-88.4,112.69,1.0
-87.2,112.32,1.0
-86.92,115.75,1.0
-86.46,113.41,1.0
-87.34,116.54,1.0
-88.42,115.36,1.0
-85.77,113.56,1.0
-86.6,114.81,1.0
-88.98,117.27,1.0
-85.28,115.27,1.0
83.2,-4.08,1.0
84.54,-2.23,1.0
85.39,-4.37,1.0
82.8,-5.71,1.0
84.14,-2.63,1.0
82.87,-2.91,1.0
79.68,-1.75,1.0
83.24,-4.53,1.0
82.23,-4.53,1.0
83.75,-2.63,1.0
75.47,72.6,1.0
77.45,74.68,1.0
78.3,73.66,1.0
78.53,74.27,1.0
74.21,74.37,1.0
79.4,75.74,1.0
76.09,74.87,1.0
73.04,72.42,1.0
71.28,70.31,1.0
78.49,71.95,1.0
-111.44,-116.09,1.0
-113.53,-116.03,1.0
-113.34,-114.07,1.0
-113.93,-112.61,1.0
-113.04,-113.11,1.0
-113.09,-116.37,1.0
-118.21,-113.54,1.0
-117.7,-115.01,1.0
-113.66,-115.79,1.0
-117.69,-114.32,1.0
-168.28,12.3,1.0
-168.86,13.68,1.0
-164.76,9.22,1.0
-168.11,12.62,1.0
-167.45,10.25,1.0
-164.15,9.29,1.0
-169.18,11.75,1.0
-169.18,13.76,1.0
-165.88,12.65,1.0
-169.06,10.45,1.0
-236.57,73.95,1.0
-232.76,76.18,1.0
-238.39,78.3,1.0
-233.76,76.09,1.0
-233.8,77.15,1.0
-236.46,77.78,1.0
-237.15,77.18,1.0
-232.5,78.38,1.0
-238.63,78.56,1.0
-234.01,75.11,1.0
236.44,51.81,1.0
238.82,48.68,1.0
233.37,49.2,1.0
235.45,44.0,1.0
235.94,49.56,1.0
240.47,47.24,1.0
232.8,45.8,1.0
236.89,45.59,1.0
236.36,45.96,1.0
235.01,45.64,1.0
172.89,-151.41,1.0
169.53,-153.85,1.0
175.88,-149.0,1.0
174.72,-153.07,1.0
172.18,-146.6,1.0
169.53,-150.68,1.0
171.83,-152.26,1.0
170.37,-152.82,1.0
172.03,-155.56,1.0
170.62,-154.71,1.0
36.04,-206.57,1.0
38.1,-205.96,1.0
35.66,-208.57,1.0
34.21,-206.81,1.0
35.86,-206.21,1.0
36.62,-208.5,1.0
34.63,-205.61,1.0
36.32,-204.12,1.0
33.45,-206.51,1.0
35.89,-207.11,1.0
93.04,-9.06,1.0
96.11,-9.26,1.0
93.94,-10.16,1.0
89.44,-9.97,1.0
93.82,-10.99,1.0
91.23,-11.02,1.0
93.54,-7.93,1.0
94.08,-10.46,1.0
94.34,-12.29,1.0
94.73,-8.13,1.0
-81.73,133.34,1.0
-80.39,135.35,1.0
-77.91,138.28,1.0
-76.06,134.85,1.0
-79.57,132.38,1.0
-75.3,136.49,1.0
-81.5,138.13,1.0
-79.55,138.14,1.0
-79.99,134.74,1.0
-81.34,135.84,1.0
-61.13,-134.67,1.0
-63.4,-134.2,1.0
-66.43,-138.69,1.0
-64.59,-134.14,1.0
-64.65,-140.28,1.0
-62.92,-133.58,1.0
-67.79,-133.23,1.0
-64.24,-135.33,1.0
-65.26,-135.0,1.0
-66.14,-136.09,1.0
-126.32,-57.57,1.0
-122.71,-56.84,1.0
-123.75,-57.14,1.0
-120.26,-53.58,1.0
-125.6,-55.56,1.0
-127.88,-61.04,1.0
-124.82,-57.34,1.0
-127.47,-57.32,1.0
-122.84,-59.59,1.0
-126.42,-54.37,1.0
-24.91,-88.48,1.0
-27.57,-93.06,1.0
-27.35,-90.33,1.0
-23.49,-90.39,1.0
-26.56,-88.83,1.0
-25.26,-89.44,1.0
-24.76,-93.73,1.0
-24.9,-89.84,1.0
-24.19,-89.98,1.0
-24.39,-90.5,1.0
-23.02,-127.27,1.0
-22.01,-126.37,1.0
-19.83,-124.43,1.0
-19.59,-124.69,1.0
-19.0,-125.72,1.0
-18.06,-125.8,1.0
-22.37,-122.68,1.0
-19.61,-124.43,1.0
-22.87,-124.08,1.0
-22.73,-127.81,1.0
138.69,49.2,1.0
141.41,49.53,1.0
139.04,50.91,1.0
142.43,50.44,1.0
139.95,54.04,1.0
144.87,54.2,1.0
140.51,50.09,1.0
139.09,52.31,1.0
141.47,52.98,1.0
141.31,52.32,1.0
-127.96,-43.92,1.0
-126.87,-46.88,1.0
-130.18,-46.83,1.0
-130.83,-45.98,1.0
-126.53,-47.96,1.0
-129.59,-47.76,1.0
-128.96,-45.31,1.0
-129.44,-44.65,1.0
-128.27,-47.48,1.0
-131.03,-47.07,1.0
-138.47,-5.51,1.0
-138.05,-10.19,1.0
-135.06,-9.5,1.0
-136.43,-10.8,1.0
-138.97,-9.3,1.0
-131.84,-10.26,1.0
-135.42,-10.4,1.0
-138.18,-4.44,1.0
-135.68,-7.11,1.0
-135.34,-6.37,1.0
-121.73,-16.87,1.0
-124.9,-20.79,1.0
-127.65,-18.59,1.0
-125.9,-18.69,1.0
-122.75,-18.54,1.0
-125.71,-20.48,1.0
-123.5,-17.55,1.0
-124.69,-18.98,1.0
-125.36,-16.51,1.0
-124.63,-17.06,1.0
113.52,-99.94,1.0
114.48,-99.02,1.0
115.05,-98.81,1.0
117.28,-101.04,1.0
113.16,-102.07,1.0
111.85,-99.22,1.0
111.09,-100.18,1.0
113.36,-101.29,1.0
114.41,-99.39,1.0
115.44,-103.33,1.0
17.21,-122.45,1.0
17.39,-121.77,1.0
16.53,-121.32,1.0
14.33,-124.05,1.0
16.58,-119.65,1.0
18.92,-119.85,1.0
17.34,-120.16,1.0
17.05,-118.91,1.0
16.82,-119.18,1.0
17.53,-119.11,1.0
-63.22,77.0,1.0
-65.84,73.75,1.0
-63.55,73.1,1.0
-60.73,75.13,1.0
-62.84,68.44,1.0
-59.74,72.62,1.0
-65.3,76.21,1.0
-60.4,72.05,1.0
-61.07,73.87,1.0
-63.14,75.42,1.0
42.54,-171.13,1.0
37.83,-171.97,1.0
39.21,-168.61,1.0
41.83,-170.67,1.0
38.6,-171.73,1.0
40.41,-168.41,1.0
37.21,-170.73,1.0
39.71,-170.73,1.0
37.15,-169.42,1.0
37.97,-174.79,1.0
28.42,159.26,1.0
30.62,156.69,1.0
28.94,158.64,1.0
27.77,160.63,1.0
27.38,155.29,1.0
29.64,155.82,1.0
25.76,156.16,1.0
27.01,156.85,1.0
27.15,157.09,1.0
30.48,155.19,1.0
234.27,93.39,1.0
233.66,86.02,1.0
232.1,90.36,1.0
235.11,88.17,1.0
231.61,89.79,1.0
237.18,90.89,1.0
231.76,89.26,1.0
233.46,88.44,1.0
237.01,88.37,1.0
232.95,86.9,1.0
218.49,101.98,1.0
216.83,100.81,1.0
219.33,103.23,1.0
216.25,101.02,1.0
222.86,100.17,1.0
219.3,103.15,1.0
219.51,103.75,1.0
220.53,104.51,1.0
218.12,103.33,1.0
221.57,104.29,1.0
-94.47,101.52,1.0
-94.63,101.54,1.0
-90.55,102.05,1.0
-90.21,98.59,1.0
-89.94,100.22,1.0
-94.59,102.05,1.0
-86.41,103.88,1.0
-94.98,99.69,1.0
-91.77,99.08,1.0
-90.95,100.72,1.0
-129.85,55.13,1.0
-130.81,59.11,1.0
-128.47,55.59,1.0
-131.08,59.83,1.0
-129.95,58.01,1.0
-126.81,58.91,1.0
-129.61,58.34,1.0
-129.01,57.54,1.0
-130.38,56.59,1.0
-129.9,61.13,1.0
-20.98,199.95,1.0
-23.21,197.38,1.0
-24.96,198.88,1.0
-19.53,199.69,1.0
-21.13,199.63,1.0
-14.59,199.03,1.0
-18.79,197.36,1.0
-21.73,198.94,1.0
-18.68,199.27,1.0
-21.38,197.76,1.0
-219.16,150.14,1.0
-223.77,149.82,1.0
-222.19,149.58,1.0
-226.21,152.45,1.0
-221.18,148.1,1.0
-223.45,150.07,1.0
-223.0,149.72,1.0
-220.85,152.16,1.0
-222.37,146.67,1.0
-223.77,152.65,1.0
-229.67,-88.23,1.0
-223.05,-86.6,1.0
-228.27,-84.96,1.0
-230.66,-88.63,1.0
-225.35,-87.59,1.0
-223.46,-89.38,1.0
-227.44,-88.33,1.0
-226.29,-87.47,1.0
-230.39,-86.75,1.0
-227.64,-91.36,1.0
72.28,-203.59,1.0
72.16,-200.27,1.0
72.56,-208.68,1.0
71.46,-203.36,1.0
71.02,-202.81,1.0
76.01,-204.15,1.0
72.88,-203.06,1.0
73.78,-205.09,1.0
74.99,-205.8,1.0
73.97,-202.28,1.0
105.77,130.32,1.0
108.83,129.72,1.0
110.89,129.91,1.0
106.67,126.75,1.0
109.17,130.05,1.0
107.94,132.12,1.0
106.21,126.64,1.0
109.18,130.06,1.0
107.71,131.26,1.0
105.42,133.82,1.0
-134.76,-194.48,1.0
-138.33,-198.49,1.0
-141.43,-198.07,1.0
-138.96,-193.82,1.0
-141.45,-192.95,1.0
-140.15,-197.03,1.0
-137.51,-196.4,1.0
-139.23,-195.53,1.0
-139.2,-197.46,1.0
-139.52,-196.49,1.0
109.94,-200.87,1.0
106.74,-200.1,1.0
112.09,-200.47,1.0
107.85,-194.94,1.0
109.94,-195.35,1.0
110.28,-195.04,1.0
109.84,-197.88,1.0
112.69,-198.23,1.0
111.51,-197.88,1.0
113.4,-199.66,1.0
-164.43,-139.48,1.0
-160.65,-139.47,1.0
-163.2,-133.31,1.0
-161.56,-138.06,1.0
-161.14,-139.06,1.0
-160.92,-134.61,1.0
-161.67,-137.83,1.0
-161.57,-133.88,1.0
-158.89,-135.98,1.0
-160.38,-136.55,1.0
22.32,-30.67,1.0
23.67,-30.92,1.0
25.19,-30.76,1.0
27.09,-34.35,1.0
21.64,-28.48,1.0
23.26,-31.07,1.0
22.98,-34.54,1.0
26.23,-33.19,1.0
27.16,-31.38,1.0
23.0,-33.2,1.0
112.05,-0.71,1.0
112.58,-1.11,1.0
111.52,3.38,1.0
110.8,0.51,1.0
110.79,-3.47,1.0
112.06,-1.66,1.0
109.74,3.36,1.0
111.6,1.51,1.0
113.0,-1.96,1.0
111.79,-1.19,1.0
40.34,42.06,1.0
39.59,45.48,1.0
41.88,44.01,1.0
37.5,47.23,1.0
36.64,47.84,1.0
38.71,47.26,1.0
39.0,42.58,1.0
39.62,47.1,1.0
37.7,43.25,1.0
40.81,43.02,1.0
-180.82,224.8,1.0
-179.27,223.52,1.0
-181.87,221.53,1.0
-180.78,227.01,1.0
-180.51,225.36,1.0
-176.78,222.72,1.0
-181.18,224.71,1.0
-179.15,223.44,1.0
-179.48,221.0,1.0
-177.42,221.98,1.0
151.51,-95.01,1.0
149.4,-93.3,1.0
153.37,-94.79,1.0
150.97,-91.69,1.0
151.77,-90.27,1.0
150.72,-93.06,1.0
151.24,-91.81,1.0
146.23,-91.17,1.0
152.63,-95.85,1.0
150.18,-94.65,1.0
142.85,-135.02,1.0
145.46,-129.23,1.0
141.73,-133.31,1.0
141.24,-133.49,1.0
144.98,-131.68,1.0
143.16,-130.48,1.0
146.47,-136.49,1.0
138.06,-132.88,1.0
144.14,-129.24,1.0
139.93,-135.12,1.0
-88.72,48.62,1.0
-88.06,46.56,1.0
-91.34,45.13,1.0
-88.15,47.55,1.0
-87.35,45.94,1.0
-90.29,47.16,1.0
-83.74,45.12,1.0
-86.31,50.25,1.0
-85.94,46.47,1.0
-88.48,51.12,1.0
-0.14,-11.49,1.0
-2.45,-11.66,1.0
0.91,-11.94,1.0
-0.31,-9.79,1.0
0.12,-12.74,1.0
-3.31,-12.94,1.0
0.41,-12.37,1.0
0.3,-11.99,1.0
0.08,-15.08,1.0
5.16,-13.29,1.0
205.38,-236.94,1.0
202.04,-235.86,1.0
206.13,-241.72,1.0
200.91,-234.65,1.0
206.36,-236.77,1.0
205.84,-236.43,1.0
203.02,-237.74,1.0
207.91,-236.85,1.0
206.21,-232.83,1.0
202.13,-235.57,1.0
-170.84,56.52,1.0
-170.45,55.16,1.0
-169.49,54.74,1.0
-174.05,53.58,1.0
-170.57,55.97,1.0
-172.52,56.44,1.0
-172.2,53.6,1.0
-169.62,54.67,1.0
-172.63,57.15,1.0
-172.67,52.43,1.0
-47.53,86.33,1.0
-53.92,86.5,1.0
-50.77,92.01,1.0
-49.78,86.34,1.0
-46.61,88.92,1.0
-46.19,87.77,1.0
-46.71,89.49,1.0
-52.78,94.28,1.0
-45.16,91.36,1.0
-49.69,89.17,1.0
107.76,-149.97,1.0
108.03,-150.23,1.0
106.0,-150.31,1.0
104.62,-149.01,1.0
107.01,-147.33,1.0
111.7,-150.97,1.0
106.24,-146.37,1.0
108.81,-149.74,1.0
106.19,-151.09,1.0
106.73,-147.94,1.0
-15.12,15.32,1.0
-17.88,18.02,1.0
-14.83,19.18,1.0
-19.93,16.46,1.0
-13.69,15.18,1.0
-13.61,17.01,1.0
-12.97,17.16,1.0
-17.37,17.56,1.0
-15.41,19.11,1.0
-17.01,17.73,1.0
100.97,159.82,1.0
99.98,158.17,1.0
96.43,161.31,1.0
98.96,158.22,1.0
101.26,159.97,1.0
98.32,157.88,1.0
102.12,159.55,1.0
96.73,160.43,1.0
102.99,158.26,1.0
99.64,158.12,1.0
205.99,201.26,1.0
202.07,197.42,1.0
204.37,198.42,1.0
206.24,199.34,1.0
204.8,202.41,1.0
207.81,200.32,1.0
203.6,201.07,1.0
206.44,202.15,1.0
202.89,204.91,1.0
206.42,200.2,1.0
-80.25,116.72,1.0
-84.97,117.75,1.0
-84.66,116.77,1.0
-83.88,120.05,1.0
-88.3,121.84,1.0
-86.28,119.01,1.0
-84.68,119.04,1.0
-84.89,122.26,1.0
-84.2,119.11,1.0
-84.9,122.22,1.0
-158.41,191.15,1.0
-162.59,191.72,1.0
-158.85,184.71,1.0
-158.68,187.98,1.0
-163.59,187.57,1.0
-156.78,188.36,1.0
-157.64,185.84,1.0
-160.61,189.76,1.0
-159.55,187.97,1.0
-159.97,190.18,1.0
150.49,119.4,1.0
148.07,113.28,1.0
148.09,115.97,1.0
148.48,111.6,1.0
148.19,117.44,1.0
148.9,115.13,1.0
149.69,113.79,1.0
150.37,118.26,1.0
149.03,117.03,1.0
149.53,113.68,1.0
-178.11,-35.57,1.0
-179.57,-35.81,1.0
-175.7,-34.47,1.0
-175.89,-38.57,1.0
-174.3,-33.0,1.0
-177.6,-34.4,1.0
-179.7,-37.03,1.0
-177.96,-35.87,1.0
-175.48,-35.49,1.0
-182.42,-35.44,1.0
176.02,200.8,1.0
176.92,198.68,1.0
177.51,195.64,1.0
178.05,198.22,1.0
173.24,199.05,1.0
177.94,202.17,1.0
175.88,199.63,1.0
177.08,199.16,1.0
176.78,202.64,1.0
179.2,198.26,1.0
-77.04,-50.45,1.0
-79.96,-47.43,1.0
-76.74,-46.52,1.0
-76.61,-45.84,1.0
-78.71,-43.84,1.0
-75.94,-48.92,1.0
-76.6,-48.81,1.0
-78.96,-49.31,1.0
-76.1,-45.99,1.0
-75.67,-49.12,1.0
163.81,166.53,1.0
160.98,162.94,1.0
163.07,169.13,1.0
170.87,167.59,1.0
166.44,167.85,1.0
162.58,165.08,1.0
166.3,168.86,1.0
166.37,161.78,1.0
162.97,162.08,1.0
162.88,169.34,1.0
-228.64,-72.42,1.0
-225.01,-70.56,1.0
-228.96,-71.01,1.0
-229.87,-69.76,1.0
-226.33,-71.3,1.0
-226.72,-73.93,1.0
-227.72,-70.38,1.0
-224.83,-75.96,1.0
-230.48,-71.72,1.0
-227.27,-77.95,1.0
152.89,74.57,1.0
149.72,72.32,1.0
152.89,71.06,1.0
151.59,68.31,1.0
152.44,72.18,1.0
152.23,70.74,1.0
152.82,76.19,1.0
153.45,71.21,1.0
154.51,71.47,1.0
150.25,71.95,1.0
5.87,14.7,1.0
7.51,16.42,1.0
4.89,18.15,1.0
8.67,16.77,1.0
3.61,16.27,1.0
7.79,17.62,1.0
7.3,18.57,1.0
6.33,13.05,1.0
3.49,14.89,1.0
6.79,16.62,1.0
183.75,-77.72,1.0
187.26,-76.63,1.0
190.68,-76.78,1.0
191.61,-79.2,1.0
187.94,-76.09,1.0
191.53,-77.22,1.0
187.91,-75.67,1.0
185.91,-76.91,1.0
189.02,-78.56,1.0
187.47,-78.75,1.0
176.54,161.8,1.0
178.31,159.8,1.0
175.07,158.71,1.0
178.71,161.27,1.0
177.87,161.75,1.0
175.63,159.69,1.0
177.43,161.26,1.0
180.05,160.28,1.0
181.42,160.76,1.0
179.8,159.13,1.0
-168.4,157.12,1.0
-163.36,159.58,1.0
-164.98,156.81,1.0
-163.6,157.04,1.0
-167.23,157.98,1.0
-165.98,156.6,1.0
-166.89,157.96,1.0
-161.94,157.67,1.0
-166.37,154.03,1.0
-164.53,158.18,1.0
54.91,138.74,1.0
53.98,140.56,1.0
54.41,140.81,1.0
56.01,134.38,1.0
55.38,140.05,1.0
53.91,134.3,1.0
53.94,139.08,1.0
54.2,134.56,1.0
52.37,137.75,1.0
56.21,137.73,1.0
-110.72,94.77,1.0
-107.85,93.47,1.0
-111.66,94.08,1.0
-108.99,94.65,1.0
-107.32,94.59,1.0
-106.94,94.82,1.0
-108.14,95.97,1.0
-107.22,92.38,1.0
-107.05,96.53,1.0
-108.61,90.21,1.0
214.01,223.0,1.0
212.66,223.38,1.0
214.76,223.12,1.0
213.94,223.33,1.0
211.28,222.94,1.0
214.18,228.39,1.0
212.11,220.0,1.0
212.53,223.18,1.0
213.67,225.99,1.0
212.89,225.1,1.0
-58.85,-133.45,1.0
-59.54,-134.07,1.0
-59.37,-129.69,1.0
-58.1,-132.5,1.0
-58.83,-136.35,1.0
-63.45,-133.96,1.0
-60.85,-131.97,1.0
-58.92,-133.14,1.0
-60.58,-132.79,1.0
-59.06,-133.59,1.0
115.14,38.39,1.0
118.37,38.94,1.0
116.65,40.32,1.0
117.2,36.02,1.0
121.11,38.18,1.0
115.55,35.35,1.0
112.91,38.88,1.0
117.27,34.53,1.0
115.19,41.28,1.0
116.85,35.67,1.0
-182.48,-82.61,1.0
-190.35,-80.67,1.0
-186.19,-84.81,1.0
-186.83,-78.66,1.0
-185.96,-79.17,1.0
-188.64,-80.41,1.0
-186.82,-83.5,1.0
-186.18,-80.57,1.0
-190.14,-85.36,1.0
-188.94,-84.73,1.0
78.9,-27.37,1.0
78.81,-27.89,1.0
81.52,-28.71,1.0
79.3,-26.28,1.0
80.6,-26.93,1.0
78.62,-25.17,1.0
83.96,-25.15,1.0
82.48,-24.69,1.0
77.58,-28.16,1.0
82.36,-27.44,1.0
15.08,-38.61,1.0
15.93,-42.08,1.0
17.85,-39.61,1.0
15.89,-41.58,1.0
17.99,-40.29,1.0
16.01,-40.21,1.0
18.45,-41.07,1.0
18.69,-42.41,1.0
14.3,-39.33,1.0
16.31,-37.57,1.0
-32.49,16.27,1.0
-34.21,13.31,1.0
-31.11,11.13,1.0
-35.37,17.59,1.0
-33.88,14.7,1.0
-33.54,13.69,1.0
-37.03,14.85,1.0
-37.95,9.56,1.0
-32.3,13.73,1.0
-35.3,14.25,1.0
78.4,218.52,1.0
78.06,212.83,1.0
76.34,213.63,1.0
74.47,215.26,1.0
75.03,212.67,1.0
71.44,209.7,1.0
77.84,211.41,1.0
72.97,212.88,1.0
77.0,216.49,1.0
79.57,211.0,1.0
-201.78,155.53,1.0
-199.83,152.93,1.0
-198.98,150.39,1.0
-199.37,153.31,1.0
-198.84,149.38,1.0
-200.48,152.66,1.0
-198.98,151.27,1.0
-199.1,148.75,1.0
-201.75,150.96,1.0
-200.98,150.69,1.0
-2.9,198.75,1.0
-1.99,201.12,1.0
-1.64,200.0,1.0
-2.01,198.0,1.0
0.68,197.89,1.0
-2.6,198.72,1.0
0.79,197.85,1.0
0.36,202.61,1.0
-0.2,198.0,1.0
-0.33,199.27,1.0
-19.23,-142.14,1.0
-17.35,-141.11,1.0
-17.94,-143.47,1.0
-19.33,-145.78,1.0
-18.61,-144.21,1.0
-17.0,-142.39,1.0
-15.92,-146.76,1.0
-15.82,-144.54,1.0
-15.2,-142.2,1.0
-16.44,-145.53,1.0
-96.57,163.38,1.0
-102.9,163.53,1.0
-96.52,162.83,1.0
-95.33,162.88,1.0
-95.66,163.13,1.0
-95.35,160.75,1.0
-96.97,159.02,1.0
-97.91,158.86,1.0
-98.24,163.07,1.0
-96.43,162.74,1.0
-188.07,-147.78,1.0
-190.38,-147.95,1.0
-189.26,-152.02,1.0
-187.25,-152.75,1.0
-190.72,-149.47,1.0
-189.28,-153.94,1.0
-193.77,-150.24,1.0
-188.91,-147.13,1.0
-188.59,-152.58,1.0
-188.59,-149.87,1.0
141.95,129.75,1.0
150.03,129.48,1.0
151.18,128.26,1.0
146.96,131.8,1.0
147.3,129.65,1.0
148.56,125.68,1.0
148.32,127.13,1.0
151.34,131.28,1.0
149.13,130.74,1.0
145.54,128.21,1.0
31.61,232.35,1.0
26.77,232.59,1.0
30.87,231.52,1.0
32.38,229.89,1.0
33.99,233.25,1.0
31.04,229.46,1.0
31.78,230.46,1.0
29.55,232.19,1.0
33.0,237.27,1.0
32.06,228.74,1.0
-218.3,-157.44,1.0
-219.71,-156.48,1.0
-222.48,-157.24,1.0
-220.09,-158.49,1.0
-219.15,-156.95,1.0
-220.83,-158.36,1.0
-218.81,-156.11,1.0
-216.09,-155.65,1.0
-222.86,-154.89,1.0
-218.63,-155.84,1.0
-149.44,-26.64,1.0
-149.48,-29.23,1.0
-147.17,-26.23,1.0
-150.23,-29.95,1.0
-149.65,-30.92,1.0
-148.8,-30.55,1.0
-150.56,-30.41,1.0
-151.21,-27.98,1.0
-150.04,-29.4,1.0
-149.86,-28.98,1.0
42.9,240.85,1.0
45.71,238.29,1.0
48.9,240.07,1.0
50.52,237.25,1.0
46.49,239.35,1.0
47.58,241.38,1.0
48.24,241.33,1.0
48.2,238.02,1.0
47.85,239.48,1.0
49.87,240.34,1.0
46.41,-12.35,1.0
47.82,-15.77,1.0
46.88,-15.99,1.0
43.31,-16.5,1.0
46.54,-14.06,1.0
49.01,-17.7,1.0
45.71,-16.27,1.0
46.21,-17.28,1.0
46.56,-15.5,1.0
45.93,-18.88,1.0
-68.4,13.9,1.0
-63.55,12.07,1.0
-68.06,15.29,1.0
-67.1,15.62,1.0
-68.46,12.32,1.0
-67.76,14.93,1.0
-70.09,15.07,1.0
-67.72,15.22,1.0
-69.36,12.12,1.0
-65.22,13.45,1.0
227.71,67.75,1.0
228.67,63.43,1.0
230.97,65.18,1.0
227.88,62.29,1.0
230.48,64.34,1.0
227.33,63.1,1.0
226.43,61.78,1.0
228.25,63.52,1.0
223.9,64.82,1.0
229.83,65.15,1.0
-86.11,191.24,1.0
-87.65,193.27,1.0
-86.58,191.58,1.0
-82.59,192.23,1.0
-86.35,188.29,1.0
-84.01,184.85,1.0
-85.17,190.7,1.0
-85.82,189.55,1.0
-87.48,189.75,1.0
-83.64,188.49,1.0
-26.8,212.92,1.0
-23.61,215.56,1.0
-24.56,216.58,1.0
-25.76,217.39,1.0
-25.54,218.41,1.0
-26.77,216.84,1.0
-23.63,216.72,1.0
-26.07,219.77,1.0
-23.75,215.8,1.0
-23.35,218.4,1.0
-29.09,-60.79,1.0
-30.01,-60.91,1.0
-29.83,-59.13,1.0
-27.25,-62.51,1.0
-26.59,-57.72,1.0
-31.81,-58.16,1.0
-28.08,-60.05,1.0
-31.19,-61.59,1.0
-31.64,-57.81,1.0
-29.78,-58.0,1.0
-22.22,-90.89,1.0
-19.72,-92.84,1.0
-24.93,-89.28,1.0
-18.73,-95.09,1.0
-21.4,-91.43,1.0
-21.39,-94.36,1.0
-21.9,-90.89,1.0
-23.36,-91.54,1.0
-21.03,-90.14,1.0
-22.13,-92.26,1.0
217.68,157.06,1.0
217.9,156.53,1.0
214.26,154.95,1.0
215.8,156.36,1.0
211.57,153.18,1.0
216.43,155.11,1.0
218.95,153.96,1.0
215.7,153.53,1.0
218.81,153.16,1.0
214.57,153.04,1.0
66.91,47.51,1.0
68.29,45.14,1.0
72.33,43.81,1.0
70.32,49.57,1.0
67.34,47.16,1.0
63.62,43.6,1.0
70.63,44.86,1.0
68.18,47.05,1.0
69.08,46.56,1.0
67.56,43.91,1.0
-143.89,132.07,1.0
-145.65,133.86,1.0
-144.43,133.48,1.0
-145.64,128.43,1.0
-144.05,132.17,1.0
-143.76,133.2,1.0
-145.21,133.78,1.0
-147.44,133.41,1.0
-145.18,135.54,1.0
-146.36,132.41,1.0
-38.96,-79.27,1.0
-37.65,-79.44,1.0
-37.56,-77.67,1.0
-39.85,-78.72,1.0
-35.48,-77.91,1.0
-36.76,-81.08,1.0
-39.63,-76.66,1.0
-40.02,-75.58,1.0
-37.94,-77.39,1.0
-38.86,-78.13,1.0
-184.37,84.71,1.0
-183.26,79.48,1.0
-186.96,81.28,1.0
-183.12,83.46,1.0
-185.57,81.78,1.0
-188.38,86.6,1.0
-189.99,83.98,1.0
-187.2,82.38,1.0
-186.68,83.68,1.0
-188.28,85.9,1.0
-83.4,46.3,1.0
-86.61,45.32,1.0
-86.71,44.55,1.0
-86.08,46.29,1.0
-83.85,48.19,1.0
-85.19,47.78,1.0
-84.53,44.3,1.0
-81.46,48.59,1.0
-83.24,46.61,1.0
-85.98,47.06,1.0
229.97,106.5,1.0
231.62,107.35,1.0
232.04,107.8,1.0
233.19,104.31,1.0
235.37,104.43,1.0
230.75,109.03,1.0
232.67,103.64,1.0
234.92,109.99,1.0
232.01,105.18,1.0
234.22,107.66,1.0
79.99,-51.2,1.0
-25.13,130.58,1.0
-154.57,218.85,1.0
65.37,-56.49,1.0
120.62,72.08,1.0
123.83,131.57,1.0
201.44,-63.53,1.0
173.74,130.8,1.0
75.51,55.97,1.0
-174.84,114.7,1.0
-43.76,224.39,1.0
-22.86,101.53,1.0
-121.96,192.3,1.0
26.29,200.1,1.0
-195.26,-10.92,1.0
116.17,17.39,1.0
-154.61,-83.6,1.0
-181.56,134.5,1.0
-130.07,-24.06,1.0
-83.97,-54.66,1.0
-173.02,188.55,1.0
170.34,-191.02,1.0
-224.97,-54.89,1.0
42.21,167.26,1.0
216.9,118.94,1.0
125.51,116.34,1.0
-194.29,-176.69,1.0
-107.11,173.77,1.0
38.69,-15.59,1.0
-90.17,149.6,1.0
195.39,-71.83,1.0
-92.32,-72.11,1.0
201.73,35.84,1.0
4.28,-107.86,1.0
67.89,218.5,1.0
-199.67,-18.42,1.0
35.33,201.14,1.0
-96.65,55.83,1.0
218.34,-172.77,1.0
228.98,186.12,1.0
146.16,85.6,1.0
-0.39,219.08,1.0
-171.43,85.77,1.0
124.13,107.88,1.0
-96.69,202.89,1.0
68.4,161.13,1.0
72.7,216.47,1.0
53.52,-184.94,1.0
-158.72,50.61,1.0
200.97,3.33,1.0
47.95,151.69,1.0
-150.99,-130.5,1.0
-91.32,69.09,1.0
-17.83,175.9,1.0
93.8,-86.85,1.0
101.61,-178.2,1.0
215.57,-179.13,1.0
-93.66,203.52,1.0
214.31,142.06,1.0
140.25,19.1,1.0
-207.02,17.04,1.0
96.08,-52.7,1.0
-135.42,117.82,1.0
-86.28,-17.97,1.0
-197.87,-150.27,1.0
224.46,203.37,1.0
204.1,103.27,1.0
-188.05,-96.37,1.0
211.33,22.4,1.0
-131.0,-148.09,1.0
66.35,222.68,1.0
-1.47,5.33,1.0
93.0,100.15,1.0
219.75,22.26,1.0
149.22,-149.14,1.0
-41.57,180.45,1.0
-211.2,-47.56,1.0
52.89,-198.72,1.0
7.13,-138.51,1.0
-20.18,-203.04,1.0
-102.48,132.91,1.0
89.28,201.35,1.0
2.63,-3.77,1.0
-183.1,-23.85,1.0
93.89,213.88,1.0
-138.87,-7.94,1.0
133.07,207.29,1.0
-44.02,67.84,1.0
129.75,214.74,1.0
121.05,-139.95,1.0
211.5,-183.68,1.0
-217.44,3.79,1.0
61.35,215.27,1.0
-143.32,-143.62,1.0
186.88,-54.44,1.0
67.47,34.07,1.0
65.51,196.51,1.0
48.46,190.88,1.0
26.02,64.17,1.0
-149.25,218.06,1.0
152.7,-209.09,1.0
-22.34,-133.75,1.0
204.6,-40.64,1.0
-51.58,120.06,1.0
165.42,143.76,1.0
-24.95,-155.6,1.0
135.47,157.22,1.0
136.91,47.83,1.0
206.61,-89.33,1.0
-190.74,-159.9,1.0
-165.32,26.77,1.0
56.57,-115.08,1.0
-20.25,-158.79,1.0
-163.48,-10.15,1.0
195.84,128.3,1.0
-106.94,206.12,1.0
185.26,94.3,1.0
97.57,-82.1,1.0
134.06,-107.55,1.0
85.11,174.95,1.0
221.34,207.79,1.0
138.76,-175.18,1.0
82.45,28.79,1.0
-134.69,155.65,1.0
-148.02,176.7,1.0
124.55,-153.02,1.0
-107.1,-101.59,1.0
-228.33,135.66,1.0
122.04,-225.96,1.0
-110.81,-177.39,1.0
49.62,-54.97,1.0
51.86,-34.31,1.0
-4.96,-87.22,1.0
-35.1,-66.83,1.0
-38.75,-100.21,1.0
-90.85,-58.9,1.0
225.81,215.02,1.0
9.25,224.58,1.0
-8.06,-147.82,1.0
-84.95,187.91,1.0
-9.26,-164.42,1.0
152.5,105.07,1.0
18.34,-138.53,1.0
-156.9,11.54,1.0
59.81,179.78,1.0
68.93,110.11,1.0
197.66,-48.52,1.0
-114.51,-39.86,1.0
-204.94,169.01,1.0
172.22,91.72,1.0
-130.1,-159.77,1.0
-124.34,17.33,1.0
-47.44,-131.27,1.0
-186.15,91.6,1.0
221.82,88.91,1.0
-160.6,-49.69,1.0
142.46,0.51,1.0
42.52,-159.3,1.0
-58.35,209.69,1.0
110.78,170.63,1.0
208.59,-48.85,1.0
-109.67,58.42,1.0
141.02,146.58,1.0
77.1,-53.28,1.0
177.23,-11.48,1.0
-71.59,-64.62,1.0
-228.06,-161.25,1.0
-100.49,-161.93,1.0
42.92,-37.43,1.0
-188.86,-45.58,1.0
164.04,110.15,1.0
228.54,116.19,1.0
-112.32,71.1,1.0
121.84,-189.35,1.0
-84.34,170.48,1.0
-71.12,-169.25,1.0
123.12,-25.18,1.0
210.1,-111.1,1.0
58.22,152.91,1.0
13.34,22.32,1.0
0.47,-143.89,1.0
-130.5,124.8,1.0
47.6,217.62,1.0
109.54,209.82,1.0
-157.73,133.81,1.0
38.14,-63.49,1.0
192.56,-229.9,1.0
-205.77,-89.58,1.0
77.16,-174.84,1.0
23.08,-212.52,1.0
-42.87,-166.4,1.0
92.09,143.08,1.0
100.17,165.53,1.0
169.3,215.97,1.0
-221.39,136.53,1.0
200.23,-103.45,1.0
60.87,22.09,1.0
-129.48,85.35,1.0
8.79,65.21,1.0
156.21,5.67,1.0
-36.89,-68.22,1.0
174.69,224.35,1.0
117.84,138.33,1.0
-139.86,-143.31,1.0
152.44,-92.79,1.0
-165.29,-195.9,1.0
-11.27,-26.28,1.0
17.36,-194.79,1.0
-171.82,21.82,1.0
133.48,19.97,1.0
-136.12,-198.55,1.0
-44.81,73.38,1.0
-222.36,-139.22,1.0
-172.51,-222.66,1.0
-83.42,-204.09,1.0
0.99,85.86,1.0
62.67,-149.38,1.0
121.09,-221.45,1.0
77.28,-24.33,1.0
-215.35,-30.59,1.0
-87.2,-157.05,1.0
171.71,117.62,1.0
29.84,74.89,1.0
145.84,-153.55,1.0
-107.13,-111.19,1.0
183.64,-63.39,1.0
-114.83,219.8,1.0
78.72,-175.8,1.0
212.61,126.81,1.0
-215.85,163.58,1.0
51.97,83.83,1.0
-169.13,155.71,1.0
200.81,-158.05,1.0
-195.16,154.07,1.0
-68.34,154.76,1.0
160.07,-108.97,1.0
-71.98,-161.4,1.0
-82.78,-138.95,1.0
-15.38,97.4,1.0
-176.17,56.99,1.0
122.58,81.32,1.0
-88.54,-62.99,1.0
23.43,211.84,1.0
143.64,-177.31,1.0
-46.09,-106.03,1.0
219.8,-98.78,1.0
-91.3,-203.86,1.0
211.69,26.87,1.0
120.6,-175.63,1.0
-23.16,-116.06,1.0
